doubleOccupancy,hood,layout,rent,signingMonth,signingYear
FALSE,21 Rio,2 Bed / 2 Bath,610,May,c
,The Block on 28th,2 Bed / 2 Bath,935,January,2025
,Aster House,2 Bed / 2 Bath,705,March,2025
TRUE,Axis West Campus,2 Bed / 2 Bath,500,December,2025
,Ion Austin,2 Bed / 2 Bath,1359,,
,Rambler Apartments,4 bed 2 bath,1199,,
,Rambler Apartments,6 bed 6 bath,1289,,
,Vanderbilt Condominiums,1 Bed / 1 Bath,1000,,
,Ballpark East,2 Bed / 2 Bath,1720,,
TRUE,Vanderbilt Condominiums,2 Bed / 2 Bath,1025,,
,24 Longview,4 Bed / 4 Bath,905,February,2026
,Dobie Twenty21,2 Bed / 2 Bath,1020,March,2025
,Elan 24,1 Bed / 1 Bath,995,November,2025
,Aster House,1 Bed / 1 Bath,1625,March,2025
,Aster House,2 Bed / 2 Bath,1200,September,2025
,Haus 535,4 Bed / 2 Bath,2005,June,2025
,Axis West Campus,2 Bed / 2 Bath,1785,August,2025
,2400 Nueces,2 Bed / 2 Bath,1425,August,2025
,San Pedro Flats,3 Bed / 2 Bath,1151,August,2025
,Escala Condominiums,1 Bed / 1 Bath,1150,July,2026
,The Block on Pearl North,3 Bed / 3 Bath,1282,October,2025
,26 West,4 Bed / 4 Bath,1250,August,2025
,The Nine at West Campus,4 Bed / 4 Bath,1010,August,2025
,Union on 24th,4 Bed / 4 Bath,1285,September,2025
,Yugo Austin Corner,3 Bed / 2 Bath,1150,August,2026
,Lark Austin,4 Bed / 4 Bath,1350,February,2026
,Rise at West Campus,4 Bed / 4 Bath,1319,June,2025
,Villas on Guadalupe,5 Bed / 3 Bath,992,July,2025
,Hyde Park Court,4 Bed / 4 Bath,1745,February,2025
,Rise at West Campus,5 Bed / 3 Bath,1324,November,2025
,Pointe on Rio,2 Bed / 2 Bath,1455,May,2025
,Axis West Campus,2 Bed / 2 Bath,1240,August,2025
,Inspire on 22nd,4 Bed / 4 Bath,1350,January,2025
,Axis West Campus,4 Bed / 4 Bath,1000,February,2026
,Skyloft Austin,3 Bed / 3 Bath,1150,September,2025
,21 Rio,2 Bed / 2 Bath,1360,November,2025
,The Block on Leon,1 Bed / 1 Bath,998,June,2025
,Croix Condominiums,2 Bed / 2 Bath,1950,October,2026
,Noble 2500,1 Bed / 1 Bath,2600,January,2025
,1883 at Montgomery House,2 Bed / 2 Bath,700,February,2026
,Yugo Austin Waterloo,2 Bed / 2 Bath,1410,January,2026
,Landmark Square,1 Bed / 1 Bath,1300,February,2026
,Union on San Antonio,4 Bed / 4 Bath,1500,August,2026
,Texan 26,7 Bed / 4 Bath,934,February,2026
TRUE,Lark Austin,2 Bed / 2 Bath,850,August,2026
,Villas on Guadalupe,2 Bed / 1 Bath,1222,October,2025
,Venue on Guadalupe,2 Bed / 2 Bath,1190,February,2026
,GrandMarc Austin,3 Bed / 3 Bath,1309,June,2025
,The Standard,5 Bed / 3 Bath,1150,August,2026
,Ballpark North,4 Bed / 2 Bath,570,August,2025
,Ballpark North,4 Bed / 2 Bath,570,August,2025
,Union on San Antonio,4 Bed / 2 Bath,1200,July,2025
,Troubadour,4 Bed / 4 Bath,725,August,2026
,The Mark Austin,6 Bed / 6 Bath,1255,August,2026
,Union on 24th,4 Bed / 4 Bath,1140,July,2025
,Envoy Apartments,1 Bed / 1 Bath,1150,May,2025
,Vintage West Campus,4 Bed / 2 Bath,991,August,2026
,Texan West Campus,3 Bed / 2 Bath,975,August,2025
,Union on San Antonio,2 Bed / 2 Bath,1400,May,2025
,26 West,4 Bed / 2 Bath,1109,September,2026
,The Nine at Rio,4 Bed / 4 Bath,999,July,2025
,Signature 1909,1 Bed / 1 Bath,1850,January,2025
,Park Place,3 Bed / 2 Bath,910,January,2025
,Park Place,3 Bed / 2 Bath,880,January,2025
,Union on San Antonio,4 Bed / 4 Bath,1240,September,2025
,Legacy on Rio,4 Bed / 2 Bath,1025,May,2025
,Legacy on Rio,4 Bed / 2 Bath,1025,June,2025
,Tradition on Rio,3 Bed / 3 Bath,1260,August,2025
,Tradition on Rio,3 Bed / 3 Bath,1285,August,2025
,Yugo Austin Nueces,4 Bed / 2 Bath,1220,October,2025
,Speedway Condominiums,2 Bed / 2 Bath,950,August,2026
,21 Rio,2 Bed / 2 Bath,1500,March,2026
,Tower View Apartments,1 Bed / 1 Bath,1100,August,2025
,Ion Austin,4 Bed / 4 Bath,1339,July,2025
,Ion Austin,4 Bed / 4 Bath,1440,October,2026
,21 Rio,2 Bed / 2 Bath,1350,March,2025
,Orange Tree Condominiums,2 Bed / 1 Bath,1250,August,2025
,The Mark Austin,5 Bed / 5 Bath,1450,September,2026
,Park Place Condominiums,3 Bed / 2 Bath,2595,August,2025
,Callaway House,4 Bed / 2 Bath,2200,October,2026
TRUE,Vanderbilt Condominiums,2 Bed / 2 Bath,650,August,2025
,Quarters on Campus – Grayson,3 Bed / 3 Bath,1275,August,2025
,Union on 24th,1 Bed / 1 Bath,2000,August,2025
,21 Rio,2 Bed / 2 Bath,1150,August,2026
,Union on San Antonio,4 Bed / 2 Bath,997,August,2025
,21 Rio,2 Bed / 2 Bath,1299,August,2026
,Union on San Antonio,Studio,882,May,2025
,2400 Nueces,2 Bed / 2 Bath,1425,January,2025
,The Quarters on Campus,1 Bed / 1 Bath,1075,May,2025
,Yugo Austin Waterloo,4 Bed / 4 Bath,1434,January,2025
TRUE,1883 at Montgomery House,4 Bed / 4 Bath,695,January,2025
,Texan West Campus,4 Bed / 2 Bath,1100,January,2025
,Legacy on Rio,4 Bed / 2 Bath,999,August,2025
,Crest at Pearl,4 Bed / 4 Bath,1184,January,2025
,Rambler Apartments,6 Bed / 6 Bath,1349,January,2025
TRUE,Villas on Rio,3 Bed / 3 Bath,939,January,2025
,Villas on Guadalupe,2 Bed / 2 Bath,1295,August,2026
,Torre,1 Bed / 1 Bath,1055,January,2025
,Palmetto Condominiums,2 Bed / 1 Bath,875,January,2025
,Union on 24th,4 Bed / 4 Bath,1400,January,2026
,Union on San Antonio,4 Bed / 4 Bath,1300,January,2025
,Ion Austin,4 Bed / 4 Bath,1250,January,2025
,Lark Austin,4 Bed / 4 Bath,1350,August,2025
,Lark Austin,4 Bed / 4 Bath,1350,August,2025
,Sparq on Rio,4 Bed / 4 Bath,1009,August,2026
,Signature 1909,1 Bed / 1 Bath,1750,January,2025
,2400 Nueces,2 Bed / 2 Bath,1450,February,2025
,24 Longview,4 Bed / 2 Bath,730,January,2025
,The Standard,4 Bed / 4 Bath,1320,January,2025
,1883 at Cameron House,3 Bed / 3 Bath,1149,January,2026
,Skyloft Austin,3 Bed / 2 Bath,1250,January,2026
,Crest at Pearl,2 Bed / 2 Bath,1274,January,2025
,Axis West Campus,4 Bed / 4 Bath,1000,January,2025
,26 West,4 Bed / 4 Bath,1275,January,2025
,The Nine at Rio,3 Bed / 3 Bath,1305,March,2025
,Moontower,2 Bed / 2 Bath,1725,August,2026
,Twenty Two15,4 Bed / 4 Bath,1305,November,2025
,Legacy on Rio,4 Bed / 2 Bath,860,January,2025
,Axis West Campus,4 Bed / 2 Bath,1150,January,2025
,Axis West Campus,4 Bed / 4 Bath,1100,January,2026
,Union on 24th,4 Bed / 4 Bath,1510,January,2026
,1883 at Montgomery House,3 Bed / 3 Bath,1150,January,2026
,Lark Austin,3 Bed / 3 Bath,1400,January,2025
,Tradition on Rio,4 Bed / 3 Bath,1240,January,2025
,Legacy on Rio,5 Bed / 5 Bath,1000,March,2025
,Rise at West Campus,4 Bed / 4 Bath,1389,October,2025
FALSE,Quarters on Campus – Grayson,4 Bed / 4 Bath,1230,August,2024
FALSE,Envoy Apartments,4 Bed / 4 Bath,1295,February,2025
FALSE,Ion Austin,4 Bed / 4 Bath,1200,August,2026
FALSE,The Nine at West Campus,4 Bed / 4 Bath,900,August,2025
FALSE,Yugo Austin Corner,4 Bed / 4 Bath,1300,August,2026
FALSE,Texan Shoal Creek Condominiums,2 Bed / 2 Bath,975,May,2026
FALSE,Crest at Pearl,4 Bed / 4 Bath,1170,August,2025
TRUE,Villas on Rio,2 Bed / 2 Bath,650,March,2025
FALSE,Villas on Guadalupe,3 Bed / 2 Bath,950,August,2025
FALSE,Skyloft Austin,4 Bed / 3 Bath,1260,July,2026
FALSE,24 Longview,4 Bed / 2 Bath,665,August,2026
FALSE,21 Pearl,4 Bed / 2 Bath,1075,November,2025
FALSE,Tradition on Rio,4 Bed / 3 Bath,1250,August,2026
FALSE,Tradition on Rio,1 Bed / 1 Bath,1505,November,2024
FALSE,Arrakis Co-op,20 Bed / 5 Bath,945,March,2026
FALSE,The Block on Pearl North,1 Bed / 1 Bath,1598,December,2024
FALSE,24 Longview,4 Bed / 2 Bath,739,September,2025
FALSE,Callaway House,1 Bed / 1 Bath,1820,August,2026
FALSE,24 Longview,4 Bed / 4 Bath,1160,May,2026
TRUE,2400 Nueces,4 Bed / 2 Bath,987,January,2026
FALSE,Union on San Antonio,1 Bed / 1 Bath,2100,February,2025
FALSE,Hillside Creek,2 Bed / 2 Bath,1655,August,2026
FALSE,26 West,4 Bed / 2 Bath,1200,November,2024
FALSE,Lark Austin,3 Bed / 3 Bath,1450,October,2025
FALSE,Union on 24th,1 Bed / 1 Bath,1710,August,2024
FALSE,GrandMarc Austin,3 Bed / 3 Bath,1365,November,2024
FALSE,Skyloft Austin,3 Bed / 3 Bath,1300,November,2025
FALSE,Inspire on 22nd,3 Bed / 3 Bath,1330,August,2026
FALSE,The Block on Pearl South,2 Bed / 2 Bath,624,August,2025
TRUE,1883 at Cameron House,4 Bed / 2 Bath,650,March,2025
FALSE,Union on 24th,2 Bed / 2 Bath,1800,September,2025
TRUE,1883 at Montgomery House,2 Bed / 2 Bath,1290,August,2026
FALSE,The Block 23,2 Bed / 2 Bath,1319,December,2024
FALSE,Texan West Campus,3 Bed / 2 Bath,1125,August,2026
TRUE,Villas on Nueces,2 Bed / 2 Bath,830,August,2025
FALSE,The Mark Austin,,1350,February,2026
FALSE,Rambler Apartments,4 Bed / 4 Bath,1525,April,2025
TRUE,Quarters on Campus – Nueces,2 Bed / 2 Bath,675,August,2025
FALSE,Rambler Apartments,5 Bed / 5 Bath,1550,February,2025
FALSE,Union on San Antonio,1 Bed / 1 Bath,1181,September,2024
FALSE,Villas on Rio,4 Bed / 4 Bath,1309,May,2025
FALSE,Regents West at 26th,2 Bed / 1 Bath,1160,August,2024
FALSE,Rise at West Campus,6 Bed / 6 Bath,1290,October,2024
FALSE,Axis West Campus,4 Bed / 4 Bath,1116,November,2024
FALSE,21 Rio,2 Bed / 1 Bath,1185,November,2024
FALSE,The Mark Austin,5 Bed / 5 Bath,1510,August,2025
FALSE,Signature 1909,4 Bed / 4 Bath,1330,January,2024
FALSE,High Point Preserve,1 Bed / 1 Bath,1200,August,2025
FALSE,Villas on Rio,4 Bed / 4 Bath,1509,August,2026
FALSE,26 West,4 Bed / 4 Bath,1300,October,2024
FALSE,Callaway House,2 Bed / 2 Bath,3680,November,2024
FALSE,1907 Robbins Place Apartments,1 Bed / 1 Bath,950,August,2025
FALSE,Promontory Point,1 Bed / 1 Bath,1005,April,2026
FALSE,Lark Austin,3 Bed / 3 Bath,1330,January,2026
FALSE,Sparq on Rio,4 Bed / 4 Bath,1060,June,2025
FALSE,Haus 535,4 Bed / 4 Bath,995,August,2025
FALSE,Moontower,4 Bed / 4 Bath,1370,August,2025
FALSE,Sparq on Rio,4 Bed / 4 Bath,1200,August,2026
FALSE,Legacy on Rio,4 Bed / 4 Bath,1195,March,2026
FALSE,Union on 24th,4 Bed / 4 Bath,1250,September,2024
FALSE,Union on San Antonio,2 Bed / 2 Bath,1640,October,2025
FALSE,Yugo Austin Corner,3 Bed / 2 Bath,1050,August,2025
FALSE,2400 Nueces,4 Bed / 4 Bath,1108,August,2025
FALSE,East Campus Graduate Apartments,1 Bed / 1 Bath,1566,July,2025
FALSE,Icon at Austin,4 Bed / 4 Bath,1259,April,2025
TRUE,Lark Austin,4 Bed / 2 Bath,920,August,2026
FALSE,Dobie Twenty21,2 Bed / 2 Bath,2010,July,2025
FALSE,Regents West at 24th,1 Bed / 1 Bath,1230,August,2026
FALSE,Skyloft Austin,4 Bed / 3 Bath,1260,August,2025
FALSE,2400 Nueces,4 Bed / 4 Bath,1170,August,2024
FALSE,2819 Rio,4 Bed / 4 Bath,1300,October,2025
FALSE,2400 Nueces,1 Bed / 1 Bath,1740,November,2025
FALSE,Parapet Condominiums,2 Bed / 2 Bath,1860,August,2026
FALSE,Legacy on Rio,5 Bed / 5 Bath,1050,September,2025
FALSE,24 Longview,2 Bed / 1 Bath,870,October,2024
FALSE,Rise at West Campus,5 Bed / 3 Bath,1250,November,2024
TRUE,Legacy on Rio,3 Bed / 2 Bath,840,August,2025
FALSE,Torre,4 Bed / 4 Bath,1400,August,2026
FALSE,Torre,4 Bed / 4 Bath,1405,March,2025
FALSE,Quarters on Campus – 26th,2 Bed / 2 Bath,1245,August,2026
FALSE,The Standard,3 Bed / 3 Bath,1290,August,2025
FALSE,Hilltop,4 Bed / 4 Bath,1145,November,2024
FALSE,Skyloft Austin,3 Bed / 3 Bath,1500,October,2025
TRUE,The Block on Leon,4 Bed / 2 Bath,479,August,2026
FALSE,Lark Austin,3 Bed / 3 Bath,1287,February,2025
FALSE,Galileo Condominiums,3 Bed / 2 Bath,3000,August,2024
FALSE,Villas on 26th,3 Bed / 2 Bath,999,February,2025
TRUE,Quarters on Campus – Sterling House,2 Bed / 2 Bath,730,March,2025
FALSE,Delphi Condominiums,2 Bed / 2 Bath,1800,September,2025
FALSE,Axis West Campus,4 Bed / 4 Bath,995,October,2025
FALSE,Ion Austin,3 Bed / 3 Bath,1155,May,2025
FALSE,Union on San Antonio,2 Bed / 2 Bath,1530,March,2025
FALSE,Moontower,4 Bed / 4 Bath,1250,October,2025
FALSE,Ion Austin,4 Bed / 4 Bath,1140,March,2025
TRUE,Texan Tower,2 Bed / 2 Bath,2000,January,2024
FALSE,The Block on Pearl North,2 Bed / 2 Bath,680,August,2026
FALSE,Yugo Austin Waterloo,4 Bed / 4 Bath,1305,August,2026
FALSE,Marq Uptown,2 Bed / 2 Bath,1245,July,2025
FALSE,Rambler Apartments,5 Bed / 5 Bath,1460,August,2025
FALSE,The Castilian,2 Bed / 2 Bath,1645,January,2025
FALSE,Lantern Lane Condominiums,2 Bed / 2 Bath,995,July,2025
FALSE,Rise at West Campus,1 Bed / 1 Bath,1815,October,2025
FALSE,Union on 24th,1 Bed / 1 Bath,1945,October,2025
FALSE,21 Rio,2 Bed / 2 Bath,1370,March,2024
FALSE,Moontower,4 Bed / 4 Bath,1550,September,2025
TRUE,Hilltop,1 Bed / 1 Bath,990,August,2025
FALSE,Signature 1909,4 Bed / 4 Bath,1319,August,2025
FALSE,The Block on 25th West,3 Bed / 3 Bath,1125,August,2025
FALSE,Palmetto Condominiums,1 Bed / 1 Bath,1815,July,2024
FALSE,Palmetto Condominiums,1 Bed / 1 Bath,1815,July,2024
TRUE,Skyloft Austin,3 Bed / 3 Bath,1650,August,2024
FALSE,Union on 24th,1 Bed / 1 Bath,884,September,2024
FALSE,Icon at Austin,2 Bed / 2 Bath,1660,July,2026
FALSE,Tradition on Rio,4 Bed / 3 Bath,1240,October,2024
FALSE,Union on 24th,4 Bed / 4 Bath,1530,August,2026
FALSE,Signature 1909,4 Bed / 4 Bath,1150,December,2025
FALSE,Torre,6 Bed / 6 Bath,1550,September,2024
FALSE,Avon at 22nd,1 Bed / 1 Bath,1000,August,2025
FALSE,Ballpark North,1 Bed / 1 Bath,1150,December,2024
FALSE,26 West,4 Bed / 2 Bath,1050,September,2025
FALSE,Union on San Antonio,1 Bed / 1 Bath,1550,August,2026
FALSE,Moontower,4 Bed / 4 Bath,1410,September,2025
FALSE,Ion Austin,3 Bed / 3 Bath,1325,October,2024
FALSE,Envoy Apartments,1 Bed / 1 Bath,1150,August,2024
TRUE,Sparq on Rio,4 Bed / 4 Bath,1064,March,2025
FALSE,Hilltop,4 Bed / 4 Bath,1215,December,2025
FALSE,Quarters on Campus – Sterling House,2 Bed / 2 Bath,745,August,2025
FALSE,Crest at Pearl,3 Bed / 3 Bath,1140,November,2025
FALSE,Axis West Campus,1 Bed / 1 Bath,1029,October,2024
FALSE,Union on San Antonio,1 Bed / 1 Bath,1840,August,2026
FALSE,The Mark Austin,4 Bed / 4 Bath,1275,August,2025
FALSE,West Campus Flats,Studio,1150,August,2024
TRUE,Dobie Twenty21,2 Bed / 2 Bath,1150,March,2024
FALSE,Yugo Austin Waterloo,6 Bed / 6 Bath,1414,September,2025
FALSE,21 Rio,3 Bed / 2 Bath,1200,September,2025
FALSE,Village at East Riverside,4 Bed / 4 Bath,645,August,2025
FALSE,Rambler Apartments,4 Bed / 2 Bath,1199,August,2026
FALSE,Lark Austin,4 Bed / 4 Bath,1365,August,2024
FALSE,21 Pearl,4 Bed / 2 Bath,1080,August,2025
FALSE,The Nine at West Campus,4 Bed / 3 Bath,860,September,2025
FALSE,Torre,6 Bed / 6 Bath,1300,January,2026
FALSE,Villas on Guadalupe,2 Bed / 2 Bath,1195,August,2026
TRUE,Inspire on 22nd,3 Bed / 3 Bath,830,August,2025
FALSE,Legacy on Rio,5 Bed / 4 Bath,930,October,2025
FALSE,The Block on Rio,2 Bed / 2 Bath,1115,September,2025
TRUE,Dobie Twenty21,1 Bed / 1 Bath,1605,August,2025
FALSE,Rambler Apartments,4 Bed / 2 Bath,1250,May,2025
FALSE,The Nine at Rio,4 Bed / 4 Bath,1200,October,2024
FALSE,The Block on 25th East,4 Bed / 4 Bath,1155,November,2024
FALSE,Quarters on Campus – 26th,4 Bed / 4 Bath,1275,January,2024
FALSE,Rambler Apartments,6 Bed / 6 Bath,1289,February,2026
FALSE,Ion Austin,4 Bed / 2 Bath,1380,August,2026
FALSE,Union on San Antonio,4 Bed / 2 Bath,1285,August,2026
FALSE,The Block on Pearl North,2 Bed / 2 Bath,1265,February,2026
FALSE,Yugo Austin Waterloo,4 Bed / 4 Bath,1259,August,2026
TRUE,Dobie Twenty21,1 Bed / 1 Bath,1505,August,2025
FALSE,The Block 23,2 Bed / 2 Bath,705,August,2025
FALSE,Camino Flats,3 Bed / 2 Bath,1170,January,2026
FALSE,Sparq on Rio,4 Bed / 2 Bath,965,July,2024
FALSE,Union on San Antonio,4 Bed / 4 Bath,1325,August,2024
TRUE,The Block 23,2 Bed / 2 Bath,699,August,2025
FALSE,Legacy on Rio,4 Bed / 4 Bath,1305,August,2026
FALSE,Duval Villas,2 Bed / 2 Bath,975,August,2025
FALSE,Villas on Guadalupe,2 Bed / 2 Bath,1115,January,2026
FALSE,Ion Austin,4 Bed / 4 Bath,1085,August,2025
FALSE,The Mark Austin,5 Bed / 5 Bath,1390,November,2025
FALSE,Texan Pearl,2 Bed / 2 Bath,985,January,2026
FALSE,Yugo Austin Waterloo,6 Bed / 6 Bath,1400,October,2024
FALSE,Signature 1909,4 Bed / 4 Bath,1360,October,2024
FALSE,Hilltop,4 Bed / 4 Bath,1050,August,2026
FALSE,Twenty Two15,1 Bed / 1 Bath,1395,November,2025
FALSE,Texan Tower,3 Bed / 2 Bath,860,March,2025
FALSE,Signature 1909,4 Bed / 4 Bath,1074,June,2025
FALSE,Dobie Twenty21,1 Bed / 1 Bath,1430,August,2025
FALSE,Texas Wranglers House,1 Bed / 0 Bath,875,May,2026
FALSE,Ion Austin,3 Bed / 3 Bath,1450,October,2024
FALSE,Dobie Twenty21,4 Bed / 4 Bath,1925,December,2024
FALSE,Tower View Apartments,1 Bed / 1 Bath,1005,July,2025
FALSE,Regents West at 26th,4 Bed / 4 Bath,1160,August,2025
FALSE,21 Pearl,2 Bed / 2 Bath,1035,August,2026
TRUE,The Block on Leon,2 Bed / 2 Bath,550,August,2025
FALSE,24 Longview,4 Bed / 2 Bath,725,August,2026
FALSE,Rise at West Campus,5 Bed / 3 Bath,1230,November,2025
FALSE,Villas on Nueces,1 Bed / 1 Bath,1250,October,2025
FALSE,The Block on 28th,4 Bed / 2 Bath,1110,May,2026
FALSE,Texan West Campus,1 Bed / 1 Bath,1800,August,2025
TRUE,The Block on 25th West,2 Bed / 2 Bath,649,August,2025
FALSE,Venue on Guadalupe,2 Bed / 2 Bath,1130,February,2026
FALSE,26 West,4 Bed / 4 Bath,1275,January,2025
TRUE,Moontower,2 Bed / 2 Bath,1845,August,2025
FALSE,Venue on Guadalupe,2 Bed / 2 Bath,1365,February,2026
FALSE,Yugo Austin Waterloo,4 Bed / 4 Bath,1305,January,2026
FALSE,Union on San Antonio,4 Bed / 4 Bath,1250,July,2025
FALSE,Hilltop,4 Bed / 4 Bath,1020,May,2025
FALSE,Legacy on Rio,4 Bed / 2 Bath,1095,March,2025
FALSE,Hilltop,4 Bed / 4 Bath,1275,November,2025
FALSE,Villas on 26th,4 Bed / 4 Bath,1110,November,2025
FALSE,Texan Tower,3 Bed / 2 Bath,2795,March,2026
FALSE,Union on San Antonio,4 Bed / 4 Bath,1200,September,2025
FALSE,Haus 535,2 Bed / 2 Bath,1200,January,2024
FALSE,Union on 24th,4 Bed / 4 Bath,1465,August,2025
FALSE,Texan Tower,3 Bed / 2 Bath,2795,March,2026
FALSE,Camino flats,2 Bed / 2 Bath,900,August,2026
FALSE,Inspire on 22nd,4 Bed / 4 Bath,1580,September,2024
FALSE,Centennial Condos,2 Bed / 2 Bath,990,February,2026
FALSE,Lark Austin,3 Bed / 3 Bath,1200,August,2026
FALSE,Villas on Rio,4 Bed / 2 Bath,1125,November,2025
FALSE,Union on San Antonio,4 Bed / 4 Bath,1530,October,2025
FALSE,Callaway House,4 Bed / 2 Bath,2235,August,2025
FALSE,Icon at Austin,3 Bed / 3 Bath,1450,June,2024
FALSE,Quarters on Campus – Rio,4 Bed / 2 Bath,724,August,2026
FALSE,Presidium Tech Ridge Apartments,2 Bed / 2 Bath,1995,January,2025
FALSE,Rambler Apartments,4 Bed / 2 Bath,1350,October,2025
FALSE,Littlefield Apartments,2 Bed / 2 Bath,920,August,2024
FALSE,Town Lake Apartments,4 Bed / 4 Bath,730,November,2025
FALSE,Union on 24th,4 Bed / 4 Bath,1505,February,2024
FALSE,Camino Flats,2 Bed / 2 Bath,1655,June,2025
TRUE,Quarters on Campus – Nueces,2 Bed / 2 Bath,780,November,2024
FALSE,Villas on Rio,4 Bed / 2 Bath,695,August,2025
FALSE,Hilltop,4 Bed / 4 Bath,1195,February,2026
FALSE,Hilltop,4 Bed / 4 Bath,1200,February,2026
TRUE,The Castilian,2 Bed / 1 Bath,1470,May,2025
FALSE,The Block on Pearl North,2 Bed / 2 Bath,1100,February,2024
FALSE,Lone Star Lofts,2 Bed / 2 Bath,790,August,2025
TRUE,The Block on 25th East,2 Bed / 2 Bath,495,February,2024
FALSE,Dos Rios,1 Bed / 1 Bath,1100,August,2024
FALSE,Hilltop,4 Bed / 4 Bath,1190,October,2024
FALSE,Villas on Rio,4 Bed / 4 Bath,1095,October,2024
FALSE,21 Pearl,2 Bed / 2 Bath,1095,October,2024
FALSE,22 Rio,1 Bed / 1 Bath,675,August,2026
TRUE,Sparq on Rio,4 Bed / 4 Bath,720,August,2025
FALSE,The Marian Condominiums,2 Bed / 2 Bath,700,April,2025
FALSE,Pecan Walks,3 Bed / 2 Bath,1008,July,2026
TRUE,Sparq on Rio,6 Bed / 4 Bath,699,October,2024
FALSE,Dos Rios,1 Bed / 1 Bath,1200,February,2026
FALSE,Union on San Antonio,4 Bed / 4 Bath,1280,June,2025
TRUE,Quarters on Campus – Nueces,2 Bed / 2 Bath,675,August,2025
FALSE,Crest at Pearl,4 Bed / 4 Bath,1430,July,2025
TRUE,Callaway House,2 Bed / 2 Bath,2400,March,2024
FALSE,The Mark Austin,2 Bed / 2 Bath,2010,February,2025
FALSE,Signature 1909,4 Bed / 4 Bath,1205,October,2024
FALSE,Villas on Guadalupe,2 Bed / 2 Bath,1120,August,2025
FALSE,Texan 26,6 Bed / 4 Bath,824,November,2025
FALSE,San Gabriel Square,1 Bed / 1 Bath,650,August,2025
FALSE,The Standard,5 Bed / 5 Bath,1315,September,2025
FALSE,Hilltop,4 Bed / 4 Bath,1040,May,2026
FALSE,Tom Green Condominiums,2 Bed / 1 Bath,2000,July,2025
FALSE,Quarters on Campus – Nueces,2 Bed / 2 Bath,756,August,2026
FALSE,The Block on 25th East,4 Bed / 3 Bath,1030,November,2024
FALSE,24 Longview,4 Bed / 2 Bath,700,August,2025
FALSE,Legacy on Rio,5 Bed / 4 Bath,937,September,2025
FALSE,Sparq on Rio,3 Bed / 3 Bath,845,September,2025
FALSE,Union on San Antonio,2 Bed / 2 Bath,1405,April,2025
FALSE,Villas on Guadalupe,3 Bed / 3 Bath,1130,March,2025
FALSE,Axis West Campus,4 Bed / 2 Bath,965,October,2025
FALSE,2400 Nueces,2 Bed / 2 Bath,1290,August,2025
FALSE,Villas on 24th,1 Bed / 1 Bath,1181,September,2024
FALSE,26 West,4 Bed / 4 Bath,1125,August,2026
FALSE,Union on 24th,2 Bed / 2 Bath,1510,March,2025
FALSE,Icon at Austin,4 Bed / 4 Bath,1510,August,2026
FALSE,Hilltop,4 Bed / 4 Bath,1195,February,2026
FALSE,Skyloft Austin,4 Bed / 3 Bath,1100,April,2025
FALSE,Inspire on 22nd,4 Bed / 2 Bath,1295,February,2025
TRUE,Quarters on Campus – Sterling House,2 Bed / 2 Bath,900,August,2026
FALSE,Marq Uptown,1 Bed / 1 Bath,1435,January,2026
FALSE,Texan 26,5 Bed / 3 Bath,919,April,2024
FALSE,Lone Star Lofts,2 Bed / 2 Bath,1600,August,2026
FALSE,The Block on Rio,4 Bed / 4 Bath,900,July,2025
FALSE,Texan 26,2 Bed / 2 Bath,980,February,2026
FALSE,The Standard,4 Bed / 4 Bath,1100,August,2025
TRUE,Villas on Rio,2 Bed / 2 Bath,950,August,2026
FALSE,Yugo Austin Corner,4 Bed / 4 Bath,1160,September,2025
FALSE,Lark Austin,2 Bed / 2 Bath,1409,October,2024
FALSE,Ion Austin,4 Bed / 4 Bath,1305,August,2025
FALSE,The Standard,4 Bed / 4 Bath,1200,August,2026
FALSE,Villas on Nueces,4 Bed / 4 Bath,1450,January,2026
TRUE,Delphi Condominiums,3 Bed / 2 Bath,2700,February,2026
FALSE,The Block on 25th West,4 Bed / 4 Bath,1205,August,2026
FALSE,The Block on 25th West,3 Bed / 3 Bath,1099,February,2025
TRUE,Montage Apartments,1 Bed / 1 Bath,1165,August,2025
FALSE,Lark Austin,3 Bed / 3 Bath,1181,August,2024
FALSE,1883 at Montgomery House,3 Bed / 3 Bath,1150,August,2025
FALSE,Axis West Campus,4 Bed / 4 Bath,1110,August,2026
FALSE,Axis West Campus,4 Bed / 4 Bath,1110,August,2026
FALSE,Quarters on Campus – 28th,2 Bed / 2 Bath,1200,July,2026
FALSE,The Waller,1 Bed / 1 Bath,2180,August,2026
FALSE,26 West,3 Bed / 3 Bath,1250,April,2026
FALSE,Yugo Austin Waterloo,6 Bed / 6 Bath,1405,September,2024
FALSE,26 West,4 Bed / 2 Bath,1320,March,2026
FALSE,Rambler Apartments,4 Bed / 2 Bath,1310,August,2025
FALSE,Texan 26,5 Bed / 3 Bath,985,November,2024
FALSE,Tradition on Rio,5 Bed / 3 Bath,1115,January,2026
FALSE,Yugo Austin Rio,4 Bed / 4 Bath,1085,January,2026
FALSE,Regents West at 26th,5 Bed / 3 Bath,1070,August,2025
FALSE,The Block on 25th East,4 Bed / 3 Bath,1115,August,2025
FALSE,Lark Austin,4 Bed / 4 Bath,1420,August,2024
FALSE,Regents West at 26th,2 Bed / 2 Bath,1250,October,2025
FALSE,Ion Austin,4 Bed / 4 Bath,1264,August,2026
FALSE,Ion Austin,4 Bed / 4 Bath,1264,August,2026
FALSE,Rambler Apartments,5 Bed / 5 Bath,1325,August,2024
TRUE,Lark Austin,2 Bed / 2 Bath,935,January,2026
FALSE,Legacy on Rio,4 Bed / 2 Bath,1010,August,2026
FALSE,Crest at Pearl,4 Bed / 4 Bath,1120,August,2026
FALSE,Dobie Twenty21,2 Bed / 2 Bath,2030,February,2025
FALSE,Union on 24th,1 Bed / 1 Bath,1645,January,2026
FALSE,Rise at West Campus,4 Bed / 2 Bath,895,October,2025
FALSE,Union on 24th,4 Bed / 4 Bath,1575,January,2025
FALSE,Rambler Apartments,4 Bed / 4 Bath,1500,August,2025
FALSE,Tradition on Rio,3 Bed / 3 Bath,1215,August,2025
FALSE,Villas on Rio,1 Bed / 1 Bath,1850,April,2025
FALSE,Ion Austin,3 Bed / 3 Bath,1540,October,2025
FALSE,The Castilian,2 Bed / 1 Bath,1510,August,2025
FALSE,The Castilian,1 Bed / 1 Bath,1460,August,2025
FALSE,Villas on 24th,2 Bed / 2 Bath,1865,September,2024
FALSE,Yugo Austin Waterloo,4 Bed / 4 Bath,1360,March,2026
FALSE,Rise at West Campus,4 Bed / 2 Bath,1181,October,2024
FALSE,Skyloft Austin,3 Bed / 3 Bath,1295,November,2025
FALSE,The Standard,3 Bed / 3 Bath,1350,September,2025
FALSE,Moontower,4 Bed / 3 Bath,1455,August,2026
FALSE,Union on San Antonio,4 Bed / 2 Bath,1235,September,2024
FALSE,Yugo Austin Waterloo,4 Bed / 4 Bath,1260,February,2026
FALSE,Crest at Pearl,2 Bed / 2 Bath,1300,August,2026
FALSE,Noble 2500,2 Bed / 2 Bath,1360,May,2025
FALSE,Axis West Campus,4 Bed / 4 Bath,940,August,2024
FALSE,Rambler Apartments,5 Bed / 5 Bath,1369,November,2024
FALSE,Icon at Austin,5 Bed / 5 Bath,1400,May,2025
FALSE,The Mark Austin,4 Bed / 4 Bath,1320,August,2024
FALSE,21 Rio,2 Bed / 2 Bath,1250,August,2026
FALSE,Rise at West Campus,4 Bed / 4 Bath,1445,March,2025
FALSE,Ion Austin,4 Bed / 4 Bath,1240,August,2025
FALSE,Town Lake Apartments,1 Bed / 1 Bath,750,August,2025
FALSE,Town Lake Apartments,3 Bed / 3 Bath,750,September,2025
FALSE,Moontower,3 Bed / 3 Bath,1420,August,2026
FALSE,21 Rio,2 Bed / 1 Bath,1000,August,2025
FALSE,The Nine at Rio,3 Bed / 2 Bath,1085,August,2025
FALSE,Tradition on Rio,4 Bed / 4 Bath,1115,October,2026
FALSE,1883 at Montgomery House,3 Bed / 3 Bath,1110,August,2026
FALSE,Axis West Campus,4 Bed / 4 Bath,998,August,2026
FALSE,Rambler Apartments,4 Bed / 2 Bath,1350,January,2026
FALSE,Ion Austin,4 Bed / 4 Bath,1117,June,2025
TRUE,Callaway House,2 Bed / 2 Bath,2200,May,2025
FALSE,Torre,4 Bed / 4 Bath,1810,August,2026
FALSE,9HUNDRED,3 Bed / 2 Bath,975,May,2025
FALSE,The Nine at West Campus,4 Bed / 4 Bath,1340,August,2026
FALSE,Crest at Pearl,4 Bed / 4 Bath,1125,August,2026
FALSE,Quarters on Campus – Nueces,2 Bed / 2 Bath,1395,October,2024
FALSE,Villas at San Gabriel,5 Bed / 5 Bath,1099,February,2025
FALSE,Torre,4 Bed / 4 Bath,1545,July,2025
FALSE,Yugo Austin Corner,5 Bed / 4 Bath,1195,February,2025
FALSE,9HUNDRED,2 Bed / 2 Bath,1040,June,2025
FALSE,The Block 23,4 Bed / 2 Bath,1095,October,2025
FALSE,The Standard,4 Bed / 4 Bath,1490,August,2026
FALSE,Villas at San Gabriel,3 Bed / 3 Bath,1265,November,2024
FALSE,Crest at Pearl,3 Bed / 3 Bath,1085,January,2024
FALSE,Villas on Rio,2 Bed / 2 Bath,1495,December,2025
FALSE,21 Rio,2 Bed / 2 Bath,1730,April,2025
FALSE,Moontower,4 Bed / 4 Bath,1350,March,2025
FALSE,Quarters on Campus – Grayson,3 Bed / 3 Bath,1290,August,2025
FALSE,Quarters on Campus – 26th,2 Bed / 2 Bath,1370,January,2026
FALSE,GrandMarc Austin,2 Bed / 2 Bath,1785,January,2024
FALSE,Union on San Antonio,4 Bed / 4 Bath,960,January,2025
FALSE,The Standard,2 Bed / 2 Bath,1340,January,2026
FALSE,Union on 24th,2 Bed / 2 Bath,1595,August,2025
FALSE,24 Longview,4 Bed / 2 Bath,739,August,2025
FALSE,Rambler Apartments,4 Bed / 2 Bath,1305,October,2025
FALSE,Callaway House,3 Bed / 3 Bath,3920,August,2025
FALSE,Villas on Guadalupe,2 Bed / 1 Bath,790,August,2026
FALSE,Torre,4 Bed / 4 Bath,1460,August,2025
FALSE,Rambler Apartments,4 Bed / 4 Bath,1520,October,2024
FALSE,Union on 24th,4 Bed / 4 Bath,1250,August,2025
FALSE,Regents West at 26th,2 Bed / 2 Bath,1200,January,2026
FALSE,Tradition on Rio,1 Bed / 1 Bath,1750,February,2024
FALSE,The Block 23,4 Bed / 4 Bath,1845,January,2026
FALSE,The Block on 28th,2 Bed / 2 Bath,1139,March,2026
FALSE,Dobie Twenty21,4 Bed / 2 Bath,2005,February,2025
FALSE,Signature 1909,4 Bed / 4 Bath,1265,August,2025
FALSE,24 Longview,4 Bed / 2 Bath,739,August,2025
FALSE,9HUNDRED,3 Bed / 2 Bath,1020,June,2025
FALSE,24 Longview,4 Bed / 2 Bath,739,August,2025
FALSE,Quarters on Campus – 26th,4 Bed / 4 Bath,870,July,2026
FALSE,Speedway Condominiums,2 Bed / 2 Bath,1095,January,2025
FALSE,Tradition on Rio,2 Bed / 2 Bath,1445,October,2026
FALSE,Hilltop,4 Bed / 4 Bath,1110,August,2025
FALSE,Rise at West Campus,4 Bed / 2 Bath,1480,August,2026
TRUE,Torre,2 Bed / 2 Bath,875,September,2024
FALSE,Axis West Campus,4 Bed / 4 Bath,998,September,2026
FALSE,The Nine at West Campus,4 Bed / 4 Bath,1025,September,2025
FALSE,The Block on 25th East,4 Bed / 2 Bath,1155,August,2025
FALSE,Preserve at Wells Branch,1 Bed / 1 Bath,990,July,2025
FALSE,1883 at Montgomery House,2 Bed / 2 Bath,1885,March,2025
FALSE,21 Pearl,2 Bed / 2 Bath,1030,August,2026
FALSE,Union on 24th,4 Bed / 4 Bath,1495,January,2024
FALSE,Union on 24th,Studio,2040,June,2025
FALSE,West Campus Elloras,5 Bed / 3 Bath,870,August,2025
FALSE,Union on 24th,4 Bed / 4 Bath,1295,August,2024
FALSE,Union on 24th,4 Bed / 4 Bath,1295,January,2024
FALSE,The Nine at West Campus,4 Bed / 4 Bath,899,August,2025
FALSE,Quarters on Campus – Nueces,3 Bed / 3 Bath,1200,February,2026
FALSE,The Standard,2 Bed / 2 Bath,1785,August,2025
FALSE,Callaway House,2 Bed / 2 Bath,3500,January,2026
FALSE,Tradition on Rio,4 Bed / 4 Bath,1195,July,2025
FALSE,Seton Square Condominiums,3 Bed / 2 Bath,890,August,2026
FALSE,Dobie Twenty21,1 Bed / 1 Bath,1050,January,2024
FALSE,University village,4 Bed / 2 Bath,1140,August,2025
FALSE,Lantern Lane Condominiums,2 Bed / 2 Bath,1125,July,2026
FALSE,Troubadour,2 Bed / 2 Bath,1420,June,2025
FALSE,Hilltop,5 Bed / 4 Bath,750,August,2026
FALSE,Rise at West Campus,4 Bed / 2 Bath,1170,February,2025
FALSE,Skyloft Austin,2 Bed / 2 Bath,1390,March,2026
FALSE,Tradition on Rio,3 Bed / 3 Bath,1105,September,2024
FALSE,The Block 23,2 Bed / 1 Bath,1665,August,2025
FALSE,Axis West Campus,4 Bed / 2 Bath,1065,October,2024
FALSE,The Block 23,2 Bed / 2 Bath,1095,February,2026
FALSE,Hilltop,4 Bed / 4 Bath,1076,January,2024
FALSE,Legacy on Rio,4 Bed / 4 Bath,1270,November,2025
FALSE,Quarters on Campus – Nueces,4 Bed / 2 Bath,695,May,2025
FALSE,Crest at Pearl,1 Bed / 1 Bath,1598,August,2024
FALSE,26 West,1 Bed / 1 Bath,2120,August,2025
TRUE,Villas on Guadalupe,1 Bed / 1 Bath,1815,March,2025
FALSE,Villas on Guadalupe,5 Bed / 3 Bath,992,July,2025
FALSE,Tradition on Rio,2 Bed / 2 Bath,1200,April,2026
FALSE,The Nine at West Campus,4 Bed / 4 Bath,1015,March,2026
FALSE,The Mark Austin,3 Bed / 3 Bath,1595,January,2025
TRUE,1883 at Cameron House,3 Bed / 3 Bath,495,April,2025
FALSE,Rambler Apartments,6 Bed / 6 Bath,1340,November,2025
FALSE,Rambler Apartments,4 Bed / 2 Bath,1250,August,2025
FALSE,Yugo Austin Rio,4 Bed / 2 Bath,1380,August,2025
FALSE,Quarters on Campus – Nueces,4 Bed / 2 Bath,695,May,2025
FALSE,Quarters on Campus – Nueces,4 Bed / 2 Bath,900,June,2025
FALSE,The Block on Rio,4 Bed / 4 Bath,1034,December,2025
FALSE,Union on San Antonio,4 Bed / 4 Bath,1530,January,2026
FALSE,Union on San Antonio,4 Bed / 4 Bath,1520,January,2026
FALSE,Quarters on Campus – Nueces,3 Bed / 3 Bath,1200,February,2026
FALSE,Hilltop,4 Bed / 4 Bath,1095,August,2026
FALSE,Tradition on Rio,1 Bed / 1 Bath,1700,January,2026
FALSE,The Nine at West Campus,4 Bed / 4 Bath,1085,September,2024
FALSE,The Standard,4 Bed / 4 Bath,1390,September,2025
FALSE,Haus 535,2 Bed / 2 Bath,1745,April,2024
FALSE,Union on San Antonio,2 Bed / 2 Bath,1480,January,2026
FALSE,Torre,4 Bed / 4 Bath,1375,September,2025
TRUE,Union on 24th,2 Bed / 2 Bath,1435,June,2024
TRUE,Villas on Rio,3 Bed / 3 Bath,930,August,2025
FALSE,Icon at Austin,4 Bed / 4 Bath,1419,August,2024
FALSE,The Mark Austin,2 Bed / 2 Bath,1550,June,2025
FALSE,21 Rio,2 Bed / 2 Bath,999,August,2024
FALSE,The Nine at West Campus,2 Bed / 2 Bath,1415,January,2024
FALSE,Union on 24th,4 Bed / 4 Bath,1450,October,2025
FALSE,2400 Nueces,1 Bed / 1 Bath,1789,December,2025
FALSE,Union on San Antonio,2 Bed / 2 Bath,1400,August,2025
FALSE,2400 Nueces,2 Bed / 2 Bath,1350,August,2024
FALSE,Twenty Two15,1 Bed / 1 Bath,1300,September,2025
FALSE,Juliet Condominiums,2 Bed / 2 Bath,2295,November,2026
FALSE,Union on San Antonio,4 Bed / 2 Bath,1670,July,2025
FALSE,Hilltop,5 Bed / 4 Bath,1175,October,2024
FALSE,The Mark Austin,2 Bed / 2 Bath,1350,August,2025
FALSE,Tradition on Rio,5 Bed / 4 Bath,1150,October,2025
FALSE,Texan 26,7 Bed / 4 Bath,934,February,2026
FALSE,Twenty Two15,1 Bed / 1 Bath,1910,August,2025
FALSE,Axis West Campus,4 Bed / 4 Bath,1170,October,2025
FALSE,Texan 26,6 Bed / 4 Bath,890,January,2024
FALSE,Yugo Austin Waterloo,4 Bed / 4 Bath,1420,June,2024
FALSE,Villas on Rio,3 Bed / 3 Bath,1575,March,2026
FALSE,Twenty Two15,4 Bed / 4 Bath,1320,January,2025
FALSE,1883 at Cameron House,4 Bed / 4 Bath,1075,February,2026
FALSE,Lone Star Lofts,1 Bed / 1 Bath,925,August,2026
FALSE,Ion Austin,3 Bed / 3 Bath,1365,August,2026
FALSE,The Nine at West Campus,4 Bed / 4 Bath,999,August,2026
FALSE,Callaway House,2 Bed / 2 Bath,3520,August,2026
FALSE,Rise at West Campus,4 Bed / 4 Bath,1475,May,2026
FALSE,Villas on Nueces,2 Bed / 2 Bath,875,October,2025
FALSE,Villas on 24th,1 Bed / 1 Bath,882,September,2024
FALSE,Penthouse Apartments,4 Bed / 2 Bath,1360,August,2025
FALSE,The Block on Leon,4 Bed / 4 Bath,950,May,2025
FALSE,The Block on Leon,4 Bed / 4 Bath,950,May,2025
FALSE,Yugo Austin Corner,4 Bed / 3 Bath,1129,August,2025
FALSE,26 West,2 Bed / 2 Bath,1530,July,2025
FALSE,The Mark Austin,6 Bed / 6 Bath,1245,February,2025
FALSE,Union on 24th,1 Bed / 1 Bath,1985,November,2025
FALSE,Oaks at Chisholm Trail,4 Bed / 4 Bath,750,March,2025
FALSE,Villas on Guadalupe,2 Bed / 2 Bath,1260,October,2025
FALSE,The Mark Austin,4 Bed / 4 Bath,1320,October,2025
FALSE,Orange Tree Condominiums,2 Bed / 2 Bath,1225,April,2024
FALSE,3000 Guadalupe St,1 Bed / 1 Bath,915,August,2026
FALSE,Keystone Apartments,1 Bed / 1 Bath,850,August,2025
FALSE,Halstead Co-op,1 Bed / 1 Bath,1100,August,2025
FALSE,Rise at West Campus,2 Bed / 2 Bath,1340,January,2025
FALSE,Tradition on Rio,4 Bed / 4 Bath,1140,October,2024
FALSE,Centennial Condos,2 Bed / 2 Bath,1000,August,2026
FALSE,Rise at West Campus,4 Bed / 2 Bath,1390,February,2025
TRUE,1883 at Cameron House,3 Bed / 3 Bath,550,August,2026
FALSE,The Block on 28th,2 Bed / 2 Bath,1150,November,2024
FALSE,Hilltop,5 Bed / 4 Bath,1175,October,2024
FALSE,Dobie Twenty21,4 Bed / 4 Bath,1260,July,2026
FALSE,Dobie Twenty21,4 Bed / 2 Bath,1235,August,2026
FALSE,The Nine at Rio,4 Bed / 4 Bath,1205,March,2026
FALSE,The Mark Austin,1 Bed / 1 Bath,2815,August,2026
FALSE,The Mark Austin,1 Bed / 1 Bath,2815,February,2026
TRUE,Villas on Rio,2 Bed / 2 Bath,690,September,2026
FALSE,Rambler Apartments,1 Bed / 1 Bath,2099,October,2025
FALSE,Signature 1909,4 Bed / 4 Bath,1295,September,2025
FALSE,Skyloft Austin,4 Bed / 2 Bath,1250,January,2026
FALSE,Icon at Austin,4 Bed / 4 Bath,1250,January,2026
FALSE,Moontower,5 Bed / 5 Bath,1140,June,2025
FALSE,The Block 23,4 Bed / 2 Bath,1095,October,2025
TRUE,The Block on Leon,2 Bed / 2 Bath,440,January,2026
FALSE,Skyloft Austin,4 Bed / 3 Bath,1100,March,2026
FALSE,The Block 23,4 Bed / 2 Bath,990,February,2025
FALSE,Icon at Austin,4 Bed / 4 Bath,1385,May,2025
FALSE,Rise at West Campus,4 Bed / 4 Bath,1300,May,2024
FALSE,Yugo Austin Nueces,5 Bed / 3 Bath,1210,October,2025
FALSE,Wynnwood Condominums,2 Bed / 2 Bath,1200,February,2025
FALSE,Torre,4 Bed / 4 Bath,1100,July,2025
FALSE,Noble 2500,2 Bed / 2 Bath,1499,August,2025
FALSE,Camino Flats,2 Bed / 2 Bath,1250,August,2026
FALSE,Yugo Nueces,3 Bed / 2 Bath,1199,August,2026
FALSE,Quarters on Campus – Nueces,3 Bed / 3 Bath,1190,March,2026
FALSE,Inspire on 22nd,3 Bed / 3 Bath,1405,July,2026
FALSE,Axis West Campus,4 Bed / 4 Bath,1080,August,2025
FALSE,21 Pearl,4 Bed / 2 Bath,1110,November,2024
FALSE,21 Rio,2 Bed / 2 Bath,1360,August,2026
FALSE,Leon Place Condominiums,1 Bed / 1 Bath,1200,August,2024
FALSE,Yugo Austin Nueces,4 Bed / 2 Bath,1335,November,2025
FALSE,21 Pearl,3 Bed / 3 Bath,845,December,2026
FALSE,Moontower,5 Bed / 5 Bath,1365,March,2025
FALSE,Villas on 26th,6 Bed / 6 Bath,950,October,2024
FALSE,Hilltop,4 Bed / 4 Bath,1150,August,2025
FALSE,Legacy on Rio,4 Bed / 4 Bath,1275,October,2025
FALSE,Union on 24th,2 Bed / 2 Bath,1205,January,2026
FALSE,Villas on Rio,2 Bed / 2 Bath,1490,August,2025
FALSE,Noble 2500,2 Bed / 2 Bath,1235,August,2025
FALSE,Rise at West Campus,2 Bed / 2 Bath,1650,August,2026
FALSE,Yugo Austin Rio,4 Bed / 4 Bath,1309,September,2024
FALSE,The Mark Austin,5 Bed / 5 Bath,1560,August,2025
FALSE,Inspire on 22nd,4 Bed / 4 Bath,1250,October,2025
FALSE,Union on 24th,4 Bed / 4 Bath,1460,September,2024
FALSE,Twenty Two15,4 Bed / 4 Bath,1220,August,2025
FALSE,GrandMarc Austin,2 Bed / 2 Bath,1299,August,2026
FALSE,Quarters on Campus – Nueces,2 Bed / 2 Bath,1245,October,2024
FALSE,Inspire on 22nd,4 Bed / 4 Bath,1350,September,2025
FALSE,Union on San Antonio,4 Bed / 4 Bath,1385,October,2025
FALSE,Torre,2 Bed / 2 Bath,1200,May,2025
FALSE,Noble 2500,4 Bed / 4 Bath,1435,March,2025
FALSE,Hilltop,4 Bed / 4 Bath,1290,October,2025
FALSE,Moontower,5 Bed / 5 Bath,1370,August,2025
FALSE,Signature 1909,4 Bed / 4 Bath,1250,October,2025
FALSE,26 West,4 Bed / 4 Bath,1110,October,2025
FALSE,Hilltop,4 Bed / 4 Bath,1215,August,2025
FALSE,Legacy on Rio,3 Bed / 2 Bath,1095,October,2025
FALSE,The Castilian,2 Bed / 1 Bath,1600,August,2025
FALSE,2400 Nueces,2 Bed / 2 Bath,1400,December,2026
FALSE,Villas on Guadalupe,2 Bed / 2 Bath,1180,August,2026
FALSE,Union on 24th,1 Bed / 1 Bath,1250,October,2025
FALSE,Union on 24th,1 Bed / 1 Bath,1250,October,2025
FALSE,Union on San Antonio,1 Bed / 1 Bath,1198,August,2026
FALSE,Legacy on Rio,3 Bed / 2 Bath,995,August,2026
FALSE,Town Lake Apartments,2 Bed / 2 Bath,840,August,2025
FALSE,Town Lake Apartments,2 Bed / 2 Bath,845,August,2025
FALSE,Union on San Antonio,4 Bed / 4 Bath,1465,October,2024
FALSE,Sparq on Rio,4 Bed / 4 Bath,1070,January,2026
FALSE,21 Pearl,2 Bed / 2 Bath,1245,January,2026
FALSE,2400 Nueces,3 Bed / 3 Bath,1275,November,2024
FALSE,21 Pearl,2 Bed / 2 Bath,1129,March,2026
TRUE,Lark Austin,2 Bed / 2 Bath,750,March,2026
FALSE,Axis West Campus,4 Bed / 4 Bath,1040,March,2026
FALSE,Axis West Campus,4 Bed / 4 Bath,1030,March,2026
FALSE,Torre,4 Bed / 4 Bath,1455,January,2024
FALSE,Yugo Austin Rio,4 Bed / 4 Bath,1350,October,2025
FALSE,21 Pearl,2 Bed / 2 Bath,1290,January,2025
FALSE,26 West,1 Bed / 1 Bath,2119,October,2025
FALSE,Villas at San Gabriel,3 Bed / 3 Bath,1405,August,2025
FALSE,24 Longview,4 Bed / 2 Bath,700,August,2024
FALSE,The Block on 25th West,4 Bed / 3 Bath,840,October,2024
FALSE,The Nine at West Campus,4 Bed / 4 Bath,1090,May,2025
FALSE,Vanderbilt Condominiums,2 Bed / 2 Bath,1060,August,2026
TRUE,Dobie Twenty21,2 Bed / 2 Bath,1565,September,2026
FALSE,21 Pearl,2 Bed / 2 Bath,1235,August,2024
FALSE,Union on San Antonio,4 Bed / 4 Bath,1335,November,2025
TRUE,Lark Austin,4 Bed / 4 Bath,1045,September,2024
FALSE,21 Pearl,2 Bed / 2 Bath,1160,March,2026
TRUE,The Block on Leon,2 Bed / 2 Bath,400,July,2025
FALSE,Yugo Austin Waterloo,1 Bed / 1 Bath,2090,August,2025
FALSE,Ion Austin,3 Bed / 3 Bath,1205,April,2025
FALSE,Ion Austin,3 Bed / 3 Bath,1190,April,2025
TRUE,Union on 24th,4 Bed / 2 Bath,995,August,2026
FALSE,2400 Nueces,4 Bed / 2 Bath,910,August,2026
FALSE,2400 Nueces,2 Bed / 2 Bath,1410,November,2024
FALSE,Callaway House,2 Bed / 2 Bath,1905,August,2026
FALSE,The Nine at Rio,4 Bed / 4 Bath,1300,August,2026
TRUE,Twenty Two15,1 Bed / 1 Bath,1765,February,2024
FALSE,Legacy on Rio,4 Bed / 4 Bath,1250,December,2024
FALSE,Villas on Guadalupe,5 Bed / 3 Bath,1090,March,2026
FALSE,Ion Austin,3 Bed / 3 Bath,1140,June,2025
FALSE,Torre,1 Bed / 1 Bath,1195,September,2024
FALSE,Rambler Apartments,4 Bed / 2 Bath,1155,March,2026
FALSE,The Block on 25th East,2 Bed / 2 Bath,1220,August,2026
FALSE,Inspire on 22nd,5 Bed / 5 Bath,1180,June,2025
FALSE,Ion Austin,4 Bed / 4 Bath,1250,February,2025
FALSE,2400 Nueces,2 Bed / 2 Bath,1465,August,2026
FALSE,21 Pearl,2 Bed / 2 Bath,1125,August,2026
FALSE,Yugo Austin Corner,5 Bed / 4 Bath,1129,August,2026
FALSE,Tradition on Rio,5 Bed / 3 Bath,995,May,2025
FALSE,Icon at Austin,4 Bed / 4 Bath,1430,August,2024
TRUE,Dobie Twenty21,1 Bed / 1 Bath,645,May,2025
FALSE,The Block on Leon,4 Bed / 2 Bath,675,August,2025
FALSE,Lark Austin,3 Bed / 3 Bath,1340,October,2024
FALSE,The Mark Austin,6 Bed / 6 Bath,1165,September,2025
FALSE,Axis West Campus,4 Bed / 2 Bath,1040,November,2025
FALSE,Moontower,4 Bed / 4 Bath,1450,August,2026
FALSE,Torre,4 Bed / 4 Bath,1465,December,2025
FALSE,2400 Nueces,1 Bed / 1 Bath,1875,July,2026
FALSE,21 Rio,3 Bed / 2 Bath,1200,August,2026
FALSE,Union on San Antonio,4 Bed / 2 Bath,1295,March,2026
TRUE,Dobie Twenty21,2 Bed / 2 Bath,1485,May,2026
FALSE,Skyloft Austin,4 Bed / 2 Bath,1100,August,2026
FALSE,Kappa Kappa Gamma House,1 Bed / 1 Bath,3000,March,2026
FALSE,Union on 24th,4 Bed / 4 Bath,1230,August,2025
FALSE,The Standard,2 Bed / 2 Bath,1805,May,2024
FALSE,Torre,2 Bed / 2 Bath,1545,March,2024
FALSE,Legacy on Rio,3 Bed / 3 Bath,1350,March,2026
FALSE,Texan Tower,2 Bed / 2 Bath,1805,July,2025
FALSE,Vanderbilt Condominiums,2 Bed / 2 Bath,1340,February,2026
FALSE,Moontower,4 Bed / 4 Bath,1180,August,2025
FALSE,The Block on 28th,4 Bed / 2 Bath,984,June,2025
FALSE,Vanderbilt Condominiums,4 Bed / 4 Bath,1550,May,2026
FALSE,Dobie Twenty21,2 Bed / 2 Bath,590,December,2026
FALSE,Dobie Twenty21,2 Bed / 2 Bath,1230,October,2026
FALSE,Dobie Twenty21,2 Bed / 2 Bath,900,December,2026
FALSE,Dobie Twenty21,2 Bed / 2 Bath,1180,December,2026
FALSE,Dobie Twenty21,4 Bed / 2 Bath,1280,August,2026
FALSE,Dobie Twenty21,4 Bed / 4 Bath,725,October,2026
FALSE,Dobie Twenty21,2 Bed / 2 Bath,705,May,2026
FALSE,The Block 23,1 Bed / 1 Bath,1085,August,2026
FALSE,21 Rio,2 Bed / 2 Bath,1350,October,2024
FALSE,The Castilian,1 Bed / 1 Bath,2990,March,2025
FALSE,Hilltop,4 Bed / 4 Bath,1000,October,2025
FALSE,Hilltop,4 Bed / 4 Bath,1000,October,2026
FALSE,24 Longview,2 Bed / 2 Bath,1205,July,2026
FALSE,Dobie Twenty21,4 Bed / 4 Bath,1160,November,2026
FALSE,Crest at Pearl,4 Bed / 4 Bath,1089,October,2025
FALSE,Skyloft Austin,2 Bed / 2 Bath,1390,March,2026
FALSE,French House Co-op,2 Bed / 1 Bath,665,August,2025
FALSE,Tradition on Rio,1 Bed / 1 Bath,1685,January,2026
FALSE,French House Co-op,1 Bed / 1 Bath,945,August,2025
FALSE,Rise at West Campus,4 Bed / 4 Bath,1290,May,2025
FALSE,Rise at West Campus,4 Bed / 4 Bath,1290,May,2025
FALSE,Torre,4 Bed / 4 Bath,1380,September,2024
FALSE,Rise at West Campus,4 Bed / 4 Bath,1290,May,2025
FALSE,Moontower,4 Bed / 4 Bath,1365,August,2025
FALSE,Oak Grove Apartments,2 Bed / 2 Bath,1000,April,2025
FALSE,Regents West at 26th,2 Bed / 2 Bath,1275,October,2024
FALSE,Regents West at 24th,4 Bed / 4 Bath,1300,November,2024
FALSE,Icon at Austin,4 Bed / 4 Bath,1399,May,2025
FALSE,Ion Austin,2 Bed / 2 Bath,1305,April,2025
FALSE,Villas on Guadalupe,1 Bed / 1 Bath,1890,February,2026
FALSE,Villas on Guadalupe,4 Bed / 3 Bath,1100,August,2026
FALSE,Skyloft Austin,3 Bed / 3 Bath,1275,July,2026
FALSE,Regents West at 24th,2 Bed / 1 Bath,1195,August,2025
TRUE,Point North,3 Bed / 2 Bath,1300,August,2025
TRUE,Point North,3 Bed / 2 Bath,1300,August,2025
FALSE,Signature 1909,4 Bed / 4 Bath,1200,August,2026
FALSE,21 Rio,2 Bed / 1 Bath,1180,August,2026
FALSE,Callaway House,2 Bed / 2 Bath,1990,August,2026
FALSE,Sparq on Rio,6 Bed / 4 Bath,1010,August,2026
FALSE,Moontower,4 Bed / 4 Bath,1365,August,2025
FALSE,Casa De Salado,1 Bed / 1 Bath,1100,April,2026
FALSE,The Block on 25th East,4 Bed / 4 Bath,1060,October,2024
FALSE,The Block on Leon,5 Bed / 2 Bath,1035,August,2025
FALSE,Rambler Apartments,4 Bed / 2 Bath,1165,July,2025
FALSE,Gables Condominiums,2 Bed / 2 Bath,930,February,2025
FALSE,Redpoint San Marcos,4 Bed / 4 Bath,500,October,2025
FALSE,Delphi Condominiums,3 Bed / 3 Bath,735,August,2026
FALSE,Skyloft Austin,4 Bed / 3 Bath,1048,June,2025
FALSE,Torre,4 Bed / 4 Bath,1480,May,2025
FALSE,Aura Thirty2,1 Bed / 1 Bath,2005,July,2026
FALSE,Tradition on Rio,4 Bed / 4 Bath,1180,July,2025
FALSE,Quarters on Campus – Nueces,3 Bed / 3 Bath,1089,March,2026
FALSE,Twenty Two15,2 Bed / 2 Bath,1350,November,2025
FALSE,Rise at West Campus,6 Bed / 6 Bath,1200,September,2025
FALSE,Union on San Antonio,4 Bed / 4 Bath,1225,March,2025
FALSE,Moontower,5 Bed / 5 Bath,1315,August,2026
FALSE,Quarters on Campus – Nueces,2 Bed / 2 Bath,1300,February,2026
FALSE,Union on San Antonio,4 Bed / 4 Bath,1200,February,2024
FALSE,Venue on Guadalupe,2 Bed / 2 Bath,1190,August,2026
FALSE,Rambler Apartments,4 Bed / 2 Bath,1250,August,2025
FALSE,Torre,2 Bed / 2 Bath,1790,August,2026
FALSE,Villas on Rio,3 Bed / 3 Bath,2220,August,2026
FALSE,Elan 24,2 Bed / 2 Bath,1815,May,2026
FALSE,Camino Flats,2 Bed / 2 Bath,1815,August,2026
FALSE,Skyloft Austin,4 Bed / 2 Bath,1100,August,2026
FALSE,Union on San Antonio,2 Bed / 2 Bath,1725,August,2026
FALSE,21 Pearl,2 Bed / 2 Bath,1278,August,2024
FALSE,Moontower,4 Bed / 4 Bath,1380,August,2025
FALSE,24 Longview,,1055,January,2026
FALSE,1883 at Cameron House,3 Bed / 3 Bath,1155,November,2025
FALSE,Texan 26,6 Bed / 4 Bath,975,March,2026
FALSE,Signature 1909,4 Bed / 4 Bath,1340,October,2024
FALSE,Camino Flats,1 Bed / 1 Bath,1400,June,2025
FALSE,21 Pearl,2 Bed / 2 Bath,1350,June,2025
FALSE,1883 at Montgomery House,3 Bed / 3 Bath,1090,January,2025
FALSE,Icon at Austin,2 Bed / 2 Bath,1500,July,2025
FALSE,Noble 2500,2 Bed / 2 Bath,1335,May,2025
FALSE,Rambler Apartments,4 Bed / 2 Bath,1140,August,2026
FALSE,Villas on Nueces,2 Bed / 2 Bath,1430,October,2025
FALSE,Rise at West Campus,2 Bed / 2 Bath,1505,May,2025
FALSE,The Block on 25th West,4 Bed / 2 Bath,770,November,2025
FALSE,Union on 24th,4 Bed / 4 Bath,1205,July,2024
FALSE,Union on 24th,10 Bed / 10 Bath,1280,August,2025
TRUE,The Castilian,2 Bed / 1 Bath,1580,May,2025
FALSE,Ion Austin,3 Bed / 3 Bath,1360,December,2024
FALSE,Skyloft Austin,3 Bed / 3 Bath,1380,December,2025
FALSE,The Mark Austin,4 Bed / 4 Bath,1745,September,2025
FALSE,Icon at Austin,4 Bed / 4 Bath,1399,May,2025
TRUE,1883 at Montgomery House,3 Bed / 3 Bath,420,July,2025
FALSE,21 Pearl,2 Bed / 2 Bath,1215,March,2026
FALSE,Icon at Austin,2 Bed / 2 Bath,1670,November,2024
FALSE,1883 at Montgomery House,1 Bed / 1 Bath,1699,January,2025
FALSE,Marq Uptown,2 Bed / 2 Bath,1110,June,2026
FALSE,Tradition on Rio,5 Bed / 4 Bath,1050,March,2026
FALSE,Union on San Antonio,2 Bed / 2 Bath,1375,March,2025
FALSE,Villas on Rio,4 Bed / 4 Bath,1350,February,2026
FALSE,Signature 1909,4 Bed / 4 Bath,1100,August,2026
FALSE,Hilltop,4 Bed / 3 Bath,1270,August,2024
FALSE,The Block on Leon,2 Bed / 2 Bath,1110,August,2024
FALSE,Noble 2500,2 Bed / 2 Bath,1360,May,2025
FALSE,Centennial Condos,2 Bed / 2 Bath,1300,March,2026
FALSE,Legacy on Rio,3 Bed / 3 Bath,1350,March,2026
FALSE,Signature 1909,4 Bed / 4 Bath,1140,April,2024
FALSE,Inspire on 22nd,3 Bed / 3 Bath,1575,February,2026
TRUE,Villas on Rio,2 Bed / 2 Bath,960,March,2025
FALSE,Quarters on Campus – Nueces,3 Bed / 3 Bath,1185,April,2025
FALSE,Axis West Campus,2 Bed / 2 Bath,1323,October,2025
FALSE,Union on 24th,4 Bed / 4 Bath,1235,October,2024
FALSE,Signature 1909,1 Bed / 1 Bath,1970,July,2024
FALSE,24 Longview,4 Bed / 2 Bath,650,May,2025
FALSE,Rambler Apartments,6 Bed / 6 Bath,1250,November,2024
FALSE,Sandpiper Apartments,2 Bed / 2 Bath,970,January,2025
FALSE,Ion Austin,3 Bed / 3 Bath,1195,September,2025
FALSE,Rise at West Campus,1 Bed / 1 Bath,1734,April,2025
FALSE,Yugo Austin Nueces,4 Bed / 3 Bath,1310,September,2024
FALSE,Axis West Campus,4 Bed / 4 Bath,990,March,2026
FALSE,Union on San Antonio,4 Bed / 4 Bath,1245,September,2025
FALSE,Vanderbilt Condominiums,2 Bed / 2 Bath,1200,August,2025
FALSE,The Standard,5 Bed / 5 Bath,1290,September,2025
FALSE,Torre,6 Bed / 6 Bath,1500,November,2026
FALSE,Lark Austin,3 Bed / 3 Bath,1325,January,2026
FALSE,Hilltop,5 Bed / 5 Bath,1110,April,2026
FALSE,University of Texas KA house,1 Bed / 1 Bath,1100,July,2025
FALSE,Camino Flats,2 Bed / 2 Bath,1825,August,2026
FALSE,Union on San Antonio,4 Bed / 4 Bath,1375,October,2024
FALSE,Signature 1909,5 Bed / 5 Bath,1149,December,2024
FALSE,Tradition on Rio,3 Bed / 2 Bath,1195,March,2025
FALSE,Signature 1909,4 Bed / 4 Bath,1180,November,2025
TRUE,Quarters on Campus – 28th,1 Bed / 1 Bath,850,July,2024
FALSE,Sparq on Rio,3 Bed / 3 Bath,1200,July,2025
FALSE,Piazza Navona Condominiums,4 Bed / 4 Bath,1305,December,2025
FALSE,2400 Nueces,2 Bed / 2 Bath,1295,January,2024
FALSE,Crest at Pearl,4 Bed / 4 Bath,1089,October,2025
FALSE,2400 Nueces,4 Bed / 4 Bath,1135,August,2024
FALSE,Rambler,4 Bed / 4 Bath,1445,September,2025
FALSE,Rambler Apartments,5 Bed / 5 Bath,1400,August,2024
FALSE,The Standard,5 Bed / 5 Bath,1370,September,2025
TRUE,Torre,2 Bed / 2 Bath,950,January,2026
FALSE,Diplomat West Campus,1 Bed / 1 Bath,1350,February,2025
FALSE,Inspire on 22nd,3 Bed / 3 Bath,1475,November,2024
FALSE,21 Rio,2 Bed / 1 Bath,1310,September,2025
FALSE,The Mark,4 Bed / 4 Bath,1770,September,2024
FALSE,Legacy on Rio,4 Bed / 4 Bath,1305,November,2025
FALSE,21 Rio,2 Bed / 2 Bath,1734,October,2024
FALSE,Villas on Guadalupe,3 Bed / 3 Bath,1180,July,2025
FALSE,Hilltop,2 Bed / 2 Bath,1350,January,2026
FALSE,Union on 24th,1 Bed / 1 Bath,1765,January,2026
FALSE,Dobie Twenty21,2 Bed / 2 Bath,1550,March,2025
FALSE,Callaway House,4 Bed / 4 Bath,2020,February,2026
FALSE,Villas on 24th,4 Bed / 4 Bath,1550,August,2026
TRUE,Lark Austin,4 Bed / 4 Bath,950,March,2026
FALSE,Hilltop,4 Bed / 4 Bath,1099,March,2026
TRUE,Villas on Rio,2 Bed / 2 Bath,935,October,2024
FALSE,The Standard,3 Bed / 3 Bath,2470,November,2024
FALSE,The Block on 25th West,5 Bed / 5 Bath,1099,April,2026
TRUE,The Castilian,2 Bed / 1 Bath,1470,May,2025
FALSE,Signature 1909,4 Bed / 4 Bath,1309,August,2024
FALSE,Ballpark North,4 Bed / 4 Bath,630,February,2025
FALSE,Tradition on Rio,2 Bed / 2 Bath,1475,August,2025
FALSE,Lark Austin,2 Bed / 2 Bath,890,August,2025
FALSE,Ion Austin,1 Bed / 1 Bath,1825,September,2024
FALSE,1883 at Montgomery House,3 Bed / 3 Bath,1100,August,2025
FALSE,Rise at West Campus,6 Bed / 6 Bath,1279,August,2025
FALSE,Lone Star Lofts,4 Bed / 4 Bath,3255,July,2024
FALSE,26 West,4 Bed / 4 Bath,1189,October,2025
FALSE,The Nine at Rio,3 Bed / 3 Bath,1425,November,2024
TRUE,Villas on Rio,4 Bed / 4 Bath,1569,May,2026
FALSE,Villas on Rio,4 Bed / 2 Bath,1590,August,2026
FALSE,Torre,2 Bed / 2 Bath,1360,September,2025
FALSE,Texan & Vintage West Campus,1 Bed / 1 Bath,2090,May,2025
FALSE,Signature 1909,4 Bed / 4 Bath,1195,August,2024
TRUE,Jester East,,1580,August,2025
FALSE,21 Rio,2 Bed / 1 Bath,1345,October,2025
FALSE,Villas on Guadalupe,2 Bed / 2 Bath,1215,August,2026
FALSE,Crest at Pearl,3 Bed / 3 Bath,1290,April,2025
FALSE,Quarters on Campus – Nueces,2 Bed / 2 Bath,1405,August,2026
FALSE,Crest at Pearl,4 Bed / 4 Bath,1310,August,2025
FALSE,Regents West at 26th,2 Bed / 2 Bath,1550,February,2026
FALSE,The Nine at Rio,4 Bed / 4 Bath,1180,August,2026
TRUE,Callaway House,2 Bed / 2 Bath,2400,April,2025
FALSE,2400 Nueces,4 Bed / 4 Bath,1180,April,2026
FALSE,Sparq on Rio,4 Bed / 4 Bath,1000,November,2025
FALSE,Ion Austin,4 Bed / 4 Bath,1189,October,2024
FALSE,Union on San Antonio,4 Bed / 4 Bath,1350,September,2024
FALSE,Rambler Apartments,4 Bed / 2 Bath,1140,August,2026
FALSE,Rise at West Campus,1 Bed / 1 Bath,1969,July,2025
FALSE,Quarters on Campus – Grayson,2 Bed / 2 Bath,1235,April,2026
FALSE,Villas at San Gabriel,3 Bed / 3 Bath,1405,August,2025
TRUE,The Block 23,2 Bed / 2 Bath,625,August,2026
TRUE,Dobie Twenty21,1 Bed / 1 Bath,1100,August,2026
FALSE,Legacy on Rio,4 Bed / 4 Bath,1095,October,2025
FALSE,Legacy on Rio,4 Bed / 4 Bath,1325,October,2026
FALSE,Regents West at 24th,1 Bed / 1 Bath,1275,November,2025
FALSE,Axis West Campus,4 Bed / 4 Bath,940,August,2024
FALSE,Sparq on Rio,4 Bed / 4 Bath,1115,January,2024
FALSE,Yugo Austin Nueces,5 Bed / 5 Bath,1090,August,2025
FALSE,Union on 24th,,1215,June,2026
FALSE,Union on 24th,2 Bed / 2 Bath,1175,January,2025
TRUE,Quarters on Campus – Nueces,2 Bed / 2 Bath,624,April,2026
FALSE,21 pearl,4 Bed / 2 Bath,1200,September,2026
TRUE,Quarters on Campus – Nueces,2 Bed / 2 Bath,780,August,2025
FALSE,The Standard,2 Bed / 2 Bath,1710,August,2026
FALSE,Noble 2500,1 Bed / 1 Bath,2160,August,2026
FALSE,Noble 2500,1 Bed / 1 Bath,2185,August,2026
FALSE,The Mark Austin,1 Bed / 1 Bath,965,January,2026
FALSE,Union on San Antonio,4 Bed / 2 Bath,1280,May,2024
FALSE,Greenwood Condominiums,1 Bed / 1 Bath,1250,July,2025
FALSE,Skyloft Austin,4 Bed / 3 Bath,1280,October,2024
FALSE,Rise at West Campus,4 Bed / 4 Bath,1355,April,2025
FALSE,Volume Apartments,2 Bed / 2 Bath,1010,July,2026
FALSE,Orange Tree Condominiums,2 Bed / 1 Bath,1070,August,2025
FALSE,Crest at Pearl,3 Bed / 3 Bath,1140,November,2025
FALSE,Crest at Pearl,3 Bed / 3 Bath,1125,November,2025
FALSE,Union on 24th,1 Bed / 1 Bath,1760,January,2026
FALSE,Axis West Campus,4 Bed / 4 Bath,975,April,2026
FALSE,The Nine at Rio,4 Bed / 4 Bath,1140,October,2024
FALSE,Union on San Antonio,4 Bed / 4 Bath,1335,October,2025
FALSE,21 Pearl,3 Bed / 2 Bath,949,August,2025
FALSE,Noble 2500,4 Bed / 4 Bath,1170,August,2026
FALSE,The Castilian,1 Bed / 1 Bath,2685,April,2026
FALSE,The Castilian,1 Bed / 1 Bath,2595,April,2026
FALSE,The Castilian,1 Bed / 1 Bath,2635,April,2026
FALSE,The Sinclair,4 Bed / 4 Bath,1340,July,2026
FALSE,The Block on Rio,1 Bed / 1 Bath,1055,August,2025
FALSE,Signature 1909,4 Bed / 4 Bath,1200,August,2026
FALSE,Rambler Apartments,6 Bed / 6 Bath,1420,August,2026
FALSE,Skyloft Austin,3 Bed / 3 Bath,1315,August,2026
FALSE,Regents West at 24th,2 Bed / 2 Bath,1320,May,2024
FALSE,Moontower,5 Bed / 5 Bath,1350,August,2026
TRUE,Lark Austin,2 Bed / 2 Bath,800,February,2026
TRUE,Lark Austin,2 Bed / 2 Bath,800,February,2026
FALSE,Ion Austin,2 Bed / 2 Bath,1290,June,2026
FALSE,Yugo Austin Waterloo,4 Bed / 4 Bath,1359,July,2025
FALSE,Villas on 24th,1 Bed / 1 Bath,1300,August,2026
FALSE,21 Rio,2 Bed / 2 Bath,1195,August,2026
FALSE,Torre,2 Bed / 2 Bath,1500,March,2025
FALSE,1883 at Cameron House,1 Bed / 1 Bath,1405,June,2025
FALSE,Legacy on Rio,3 Bed / 3 Bath,1075,August,2026
FALSE,Torre,2 Bed / 2 Bath,1850,March,2025
FALSE,Torre,2 Bed / 2 Bath,1845,March,2025
FALSE,Legacy on Rio,5 Bed / 5 Bath,1085,January,2026
FALSE,Texan West Campus,4 Bed / 2 Bath,980,August,2025
TRUE,Castilian,2 Bed / 1 Bath,1670,April,2026
FALSE,Dobie Twenty21,1 Bed / 1 Bath,1485,August,2024
FALSE,Quarters on Campus – Grayson,,1250,June,2026
FALSE,Rambler Apartments,1 Bed / 1 Bath,2010,August,2026
FALSE,Camino Flats,2 Bed / 2 Bath,2150,October,2024
FALSE,Ion Austin,4 Bed / 4 Bath,1110,April,2025
FALSE,Icon at Austin,5 Bed / 5 Bath,1179,April,2025
FALSE,Lantern Lane Condominiums,2 Bed / 2 Bath,1200,July,2026
FALSE,Crest at Pearl,2 Bed / 2 Bath,1260,March,2025
FALSE,Union on San Antonio,4 Bed / 2 Bath,1430,October,2025
FALSE,26 West,4 Bed / 4 Bath,1120,October,2025
FALSE,Villas on Guadalupe,3 Bed / 3 Bath,1185,June,2025
FALSE,Villas on Guadalupe,3 Bed / 3 Bath,1185,June,2025
TRUE,21 Pearl,1 Bed / 1 Bath,900,January,2026
FALSE,Villas on Guadalupe,4 Bed / 4 Bath,870,April,2026
FALSE,Regents West at 24th,4 Bed / 2 Bath,1095,January,2026
FALSE,Ballpark North,4 Bed / 4 Bath,580,March,2026
TRUE,Regents West at 24th,2 Bed / 2 Bath,1300,September,2025
FALSE,Callaway House,4 Bed / 4 Bath,3315,August,2026
FALSE,Icon at Austin,5 Bed / 5 Bath,1275,September,2025
FALSE,The Block on Leon,2 Bed / 2 Bath,1040,August,2024
FALSE,Quarters on Campus – Sterling House,3 Bed / 3 Bath,1050,January,2024
FALSE,Aura Thirty2,1 Bed / 1 Bath,1855,August,2025
FALSE,Lark Austin,4 Bed / 4 Bath,1325,June,2025
FALSE,Villas on Guadalupe,3 Bed / 2 Bath,915,October,2025
FALSE,The Mark Austin,6 Bed / 6 Bath,1250,August,2026
FALSE,Ion Austin,3 Bed / 3 Bath,1250,November,2025
TRUE,Hilltop,4 Bed / 4 Bath,870,October,2024
FALSE,Rambler Apartments,4 Bed / 2 Bath,1250,December,2025
FALSE,Callaway House,1 Bed / 1 Bath,2000,August,2026
FALSE,The Block 23,2 Bed / 2 Bath,1250,August,2026
FALSE,Crest at Pearl,2 Bed / 2 Bath,1275,March,2025
FALSE,Villas on 24th,4 Bed / 4 Bath,1560,September,2024
FALSE,Monticello Studios at Hyde Park,1 Bed / 1 Bath,1095,August,2026
FALSE,Yugo Austin Waterloo,6 Bed / 6 Bath,1379,November,2025
FALSE,Villas on Rio,2 Bed / 2 Bath,1429,September,2026
FALSE,Union on 24th,2 Bed / 2 Bath,1225,February,2025
FALSE,Centennial Condos,2 Bed / 2 Bath,1150,August,2025
FALSE,Axis West Campus,2 Bed / 2 Bath,1265,October,2024
FALSE,Inspire on 22nd,5 Bed / 5 Bath,1300,August,2026
FALSE,Texan 26,3 Bed / 2 Bath,890,February,2025
FALSE,Texan 26,3 Bed / 2 Bath,890,January,2024
FALSE,Icon at Austin,4 Bed / 4 Bath,1440,August,2025
FALSE,Legacy on Rio,4 Bed / 4 Bath,1270,August,2026
FALSE,21 Pearl,2 Bed / 2 Bath,1200,March,2026
TRUE,21 Pearl,2 Bed / 2 Bath,1200,March,2026
FALSE,21 Rio,2 Bed / 2 Bath,1725,November,2025
FALSE,Legacy on Rio,4 Bed / 4 Bath,1275,August,2026
FALSE,Yugo Austin Waterloo,4 Bed / 4 Bath,1250,August,2026
FALSE,Union on San Antonio,2 Bed / 2 Bath,1625,February,2025
FALSE,The Mark Austin,5 Bed / 5 Bath,1350,January,2026
FALSE,Union on 24th,4 Bed / 4 Bath,1550,October,2024
FALSE,Rise at West Campus,4 Bed / 4 Bath,1490,April,2024
FALSE,Quarters on Campus – Sterling House,1 Bed / 1 Bath,1900,May,2025
FALSE,Quarters on Campus – Nueces,4 Bed / 4 Bath,1100,August,2025
FALSE,Moontower,5 Bed / 5 Bath,1100,May,2025
FALSE,Moontower,5 Bed / 5 Bath,1100,May,2025
FALSE,Lark Austin,4 Bed / 4 Bath,1355,January,2026
FALSE,Skyloft Austin,4 Bed / 3 Bath,1250,December,2025
FALSE,26 West,4 Bed / 4 Bath,1100,August,2026
FALSE,Ion Austin,4 Bed / 4 Bath,1015,May,2026
FALSE,Villas on Rio,2 Bed / 2 Bath,1450,November,2024
FALSE,Villas on Guadalupe,4 Bed / 2 Bath,1125,October,2025
FALSE,Rambler Apartments,4 Bed / 2 Bath,1179,August,2026
FALSE,Legacy on Rio,5 Bed / 4 Bath,965,July,2025
FALSE,9HUNDRED,3 Bed / 2 Bath,900,August,2024
FALSE,Tradition on Rio,3 Bed / 3 Bath,1250,January,2026
FALSE,Yugo Austin Corner,5 Bed / 4 Bath,1090,October,2025
FALSE,21 Rio,2 Bed / 2 Bath,1430,September,2025
FALSE,21 Rio,2 Bed / 2 Bath,1420,September,2025
FALSE,26 west,4 Bed / 4 Bath,1200,August,2026
FALSE,26west,4 Bed / 4 Bath,1365,May,2025
TRUE,The Castilian,2 Bed / 2 Bath,1655,April,2026
FALSE,Regents West at 26th,,1080,August,2025
FALSE,26 West,4 Bed / 2 Bath,1185,November,2026
FALSE,Icon at Austin,5 Bed / 5 Bath,1209,August,2025
FALSE,The Standard,3 Bed / 3 Bath,1395,October,2025
FALSE,603 Elmwood Pl,4 Bed / 2 Bath,1350,August,2025
FALSE,Villas on Rio,3 Bed / 3 Bath,1499,October,2025
FALSE,Park Place Condominiums,3 Bed / 3 Bath,865,December,2024
FALSE,Yugo Corner,2 Bed / 1 Bath,1250,August,2026
TRUE,The Mark,1 Bed / 1 Bath,1355,February,2024
FALSE,Villas on Rio,4 Bed / 4 Bath,1255,August,2026
FALSE,Yugo Austin Corner,5 Bed / 4 Bath,1010,August,2026
FALSE,Axis West Campus,2 Bed / 2 Bath,1250,February,2026
FALSE,The Mark Austin,6 Bed / 6 Bath,1255,August,2026
FALSE,21 Rio,2 Bed / 2 Bath,2120,June,2026
FALSE,Union on 24th,2 Bed / 2 Bath,1555,April,2026
FALSE,21 Pearl,4 Bed / 2 Bath,1685,December,2025
FALSE,Yugo Austin Waterloo,4 Bed / 4 Bath,1300,August,2026
FALSE,The Sinclair,2 Bed / 2 Bath,1565,April,2026
FALSE,Crest at Pearl,2 Bed / 2 Bath,1260,August,2026
FALSE,24 Longview,4 Bed / 2 Bath,815,May,2024
FALSE,Quarters on Campus – Nueces,2 Bed / 2 Bath,780,August,2025
FALSE,Villas on Guadalupe,3 Bed / 2 Bath,1025,April,2026
FALSE,Axis West Campus,4 Bed / 4 Bath,1040,January,2025
FALSE,Signature 1909,2 Bed / 2 Bath,1755,August,2024
FALSE,Rambler,4 Bed / 4 Bath,1750,January,2026
FALSE,Rise at West Campus,5 Bed / 3 Bath,1170,April,2025
FALSE,Villages at the Domain,1 Bed / 1 Bath,1220,November,2025
FALSE,Inspire on 22nd,5 Bed / 4 Bath,1190,November,2025
FALSE,Tradition on Rio,4 Bed / 2 Bath,1175,January,2025
FALSE,Hilltop,2 Bed / 2 Bath,1350,January,2026
FALSE,Villas on 24th,1 Bed / 1 Bath,935,August,2026
FALSE,Union on 24th,4 Bed / 4 Bath,1510,October,2025
FALSE,Signature 1909,4 Bed / 4 Bath,1505,August,2026
FALSE,24 Longview,4 Bed / 2 Bath,695,March,2025
FALSE,Union on 24th,4 Bed / 4 Bath,1485,August,2026
FALSE,Signature 1909,2 Bed / 2 Bath,1215,July,2025
FALSE,Hilltop,4 Bed / 4 Bath,1275,October,2025
TRUE,21 Pearl,2 Bed / 2 Bath,565,February,2026
FALSE,Noble 2500,1 Bed / 1 Bath,2239,July,2026
FALSE,Dobie Twenty21,4 Bed / 2 Bath,2430,June,2026
FALSE,Villas on Guadalupe,3 Bed / 2 Bath,1080,October,2025
FALSE,Sparq on Rio,4 Bed / 3 Bath,870,August,2026
FALSE,Union on San Antonio,4 Bed / 4 Bath,1335,June,2025
FALSE,Quarters on Campus – Sterling House,,950,January,2026
FALSE,Torre,4 Bed / 4 Bath,1595,August,2026
FALSE,21 Pearl,3 Bed / 2 Bath,975,July,2025
FALSE,Tradition on Rio,3 Bed / 3 Bath,1275,January,2025
FALSE,21 Rio,2 Bed / 2 Bath,1220,August,2025
FALSE,2712 San Pedro St,3 Bed / 2 Bath,1100,August,2025
FALSE,The Nine at Rio,5 Bed / 4 Bath,1205,August,2025
FALSE,The Nine at Rio,5 Bed / 4 Bath,1205,August,2025
FALSE,Skyloft Austin,4 Bed / 3 Bath,1250,November,2025
FALSE,Broadstone North Lamar,1 Bed / 1 Bath,1685,June,2026
FALSE,Hilltop,4 Bed / 4 Bath,1350,November,2025
FALSE,Legacy on Rio,5 Bed / 4 Bath,937,October,2025
FALSE,Parapet Condominiums,2 Bed / 2 Bath,1300,,
FALSE,Montage Apartments,1 Bed /  1 Bath,1300,,
FALSE,Axis West Campus,4 Bed / 4 Bath,1135,,
FALSE,2400 Nueces,4 Bed / 4 Bath,1186,,
FALSE,Quarters on Campus – Grayson,2 Bed / 2 Bath,1400,,
FALSE,Twenty Two15,1 Bed /  1 Bath,1500,,
FALSE,26 West,4 Bed / 2 Bath,1150,,
TRUE,Twenty Two15,4 Bed / 4 Bath,720,,
FALSE,Ion Austin,4 Bed / 4 Bath,1365,,
FALSE,Quarters on Campus – Karnes House,2 Bed / 2 Bath,900,,
FALSE,Union on San Antonio,4 Bed / 2 Bath,1320,,
TRUE,Lark Austin,2 Bed / 2 Bath,994,,
TRUE,Lark Austin,2 Bed / 2 Bath,914,,
FALSE,Laurel House Co-op,2 Bed / 1 Bath,1100,,
FALSE,The Block on 25th East,4 Bed / 3 Bath,884,,
FALSE,Duval Villas,4 Bed / 2 Bath,900,,
FALSE,Skyloft Austin,4 Bed / 2 Bath,1200,,
FALSE,Crest at Pearl,2 Bed / 2 Bath,1274,,
FALSE,26 West,4 Bed / 4 Bath,1175,,
FALSE,Texan Tower,2 Bed / 2 Bath,1000,,
FALSE,Windtree Condominiums,2 Bed / 2 Bath,1025,,
FALSE,Union on 24th,1 Bed /  1 Bath,1400,,
FALSE,Noble 2500,4 Bed / 4 Bath,1200,,
FALSE,Sparq on Rio,6 bed 4 bath,699,,
FALSE,Twenty Two15,2 Bed / 2 Bath,1340,,
FALSE,UNion on San Antonio,4 Bed / 4 Bath,1200,,
TRUE,Villas on Rio,Shared 2 bed 2 bath (4 people total),649,,
FALSE,21 Pearl,4 Bed / 2 Bath,1080,,
TRUE,Texan West Campus Apartments,3 bed / 2 bath shared,984,,
FALSE,Villas on 26th,6 Bed / 6 Bath,999,,
FALSE,26 West,4 Bed / 2 Bath,1200,,
FALSE,Axis West Campus,4 Bed / 4 Bath,800,,
FALSE,21 Rio,2 Bed / 2 Bath,1375,,
FALSE,torre,4 Bed / 4 Bath,1425,,
FALSE,26 West,3 Bed / 3 Bath,1280,,
FALSE,The Block on 25th West,3 bed /3 bath,1039,,
FALSE,Delphi,2 Bed / 2 Bath,1035,,
FALSE,Icon at Austin,2 Bed / 2 Bath,1670,,
FALSE,Union on 24th,4 Bed / 4 Bath,1250,,
FALSE,The standard,4 Bed / 4 Bath,1375,,
FALSE,Regents West at 26th,2 Bed / 1 Bath,1077,,
FALSE,Nueces Corner Condos,1 Bed /  1 Bath,835,,
FALSE,The Block on 25th East,2 Bed / 2 Bath,1250,,
TRUE,Twenty Two15,1 Bed /  1 Bath,950,,
FALSE,Twenty Two15,4 Bed / 4 Bath,1250,,
FALSE,Buena Vista Condominiums,2 Bed / 2 Bath,1085,,
FALSE,21 Pearl,2 Bed / 2 Bath,1300,,
FALSE,Quarters Sterling,3 Bed / 3 Bath,1200,,
FALSE,Union on San Antonio,Studio,1184,,
FALSE,24 Longview,4 Bed / 2 Bath,850,,
FALSE,Texan26,7 bed 4 bath,890,,
FALSE,Vanderbilt Condominiums,2 Bed / 2 Bath,1000,,
FALSE,Ion Austin,3 Bed / 3 Bath,1472,,
FALSE,Gamma Phi Beta House,6 Bed 3 Bath,1250,,
FALSE,North Loop House,4 Bed / 2 Bath,765,,
FALSE,Rambler,4 Bed / 2 Bath,1110,,
FALSE,Tradition on Rio,3 Bed / 3 Bath,1140,,
FALSE,San Gabriel Square,Studio,650,,
FALSE,Union on San Antonio,4 Bed / 4 Bath,1540,,
FALSE,Envoy Apartments,Studio,1150,,
FALSE,Camino Flats,2 Bed / 2 Bath,975,,
FALSE,Orange Tree Condominiums,3 Bed / 2 Bath,915,,
FALSE,Noble 2500,Bed 3 / Bed 3,1300,,
FALSE,The Block on Pearl North,3 Bed / 3 Bath,1249,,
FALSE,The Block on Pearl North,3 Bed / 3 Bath,1209,,
FALSE,Skyloft Austin,3 Bed / 3 Bath,1380,,
FALSE,town Lake,4 Bed / 2 Bath,535,,
FALSE,San Gabriel square,1 Bed /  1 Bath,307,,
FALSE,East Graduate Apartments,Studio,1288,,
FALSE,2400 Nueces,2 Bed / 2 Bath,1528,,
FALSE,Leon St Condominiums,1 Bed /  1 Bath,1300,,
FALSE,Sparq on Rio,2 Bed / 1 Bath,1314,,
FALSE,Yugo Austin Rio,4 Bed / 4 Bath,1499,,
FALSE,Legacy on Rio,4 Bed / 4 Bath,1225,,
FALSE,Union on San Antonio,4 Bed / 4 Bath,1240,,
FALSE,Torre,1 Bed /  1 Bath,3000,,
FALSE,Tradition on Rio,4 Bed / 3 Bathv,1240,,
FALSE,Hilltop,4 Bed / 4 Bath,1000,,
FALSE,Rise at West Campus,4 Bed / 4 Bath,1270,,
FALSE,Rise at West Campus,5bed 3 bath,1260,,
FALSE,The block on rio,2 Bed / 2 Bath,1144,,
FALSE,Union on 24th,Studio,1189,,
FALSE,Quarters on Campus – Grayson,3 Bed / 3 Bath,1175,,
TRUE,Skyloft,4bed 3 bath,1190,,
FALSE,Yugo Austin Waterloo,6 Bed / 6 Bath,1350,,
FALSE,Vanderbilt condos,1 Bed /  1 Bath,1400,,
TRUE,The Block on Leon,2 Bed / 2 Bath,549,,
FALSE,Yugo Austin Waterloo,6 Bed / 6 Bath,1430,,
FALSE,26 West,1 Bed /  1 Bath,2000,,
FALSE,The Block on 25th West,2 Bed / 2 Bath,1625,,
FALSE,Nueces Co-op,4 Bed / 4 Bath,863,,
FALSE,Inspire on 22nd,3 bed / 3 bath,1310,,
FALSE,Skyloft,4 bed / 3 bath,1250,,
FALSE,Regents West at 24th,Studio,1240,,
TRUE,Quarters on Campus – Sterling House,2 Bed / 2 Bath,855,,
FALSE,Orange Tree Condominiums,2 Bed / 2 Bath,1950,,
FALSE,24 Longview,2 Bed / 1 Bath,869,,
FALSE,The Standard,5 Bed / 5 Bath,1300,,
FALSE,The Mark,5 Bed / 5 Bath,1420,,
FALSE,Villas on 26th,4 Bed / 4 Bath,1050,,
FALSE,Estates at East Riverside,3 bed 3 baths,620,,
FALSE,Icon at Austin,1 Bed /  1 Bath,2100,,
FALSE,rise at west campus,4 Bed / 4 Bath,1469,,
FALSE,Villas on 24th,5 bed / 5 bath,1750,,
FALSE,Enovy Apartments,Studio,1150,,
FALSE,Union on 24th,Studio,1910,,
FALSE,union on 24th,4 Bed / 4 Bath,1540,,
FALSE,Lark Austin,3 Bed / 3 Bath,1266,,
FALSE,Regents West at 26th,4 Bed / 4 Bath,1200,,
FALSE,Union on 24th,Studio,880,,
FALSE,Signature 1909,5 bed / 5 bath,1350,,
FALSE,26 West,4 Bed / 2 Bath,1169,,
FALSE,Sparq on Rio,2 Bed / 2 Bath,1290,,
FALSE,The Standard,4 Bed / 4 Bath,1450,,
FALSE,Union on San Antonio,4 Bed / 4 Bath,1305,,
FALSE,21 Pearl,Studio,1350,,
FALSE,Graham Pl Condomimiums,2 bed/ 2 bath,1595,,
FALSE,Callaway,4 Bed / 2 Bath,2000,,
FALSE,Hilltop,4 Bed / 4 Bath,1075,,
TRUE,Lark Austin,4 Bed / 2 Bath,904,,
FALSE,Signature 1909,1 Bed /  1 Bath,1850,,
FALSE,Union on 24th,2 Bed / 2 Bath,1610,,
FALSE,Ion Austin,4 Bed / 4 Bath,1265,,
FALSE,26 West,4 Bed / 2 Bath,1179,,
FALSE,Marq Uptown,1 Bed /  1 Bath,1823,,
FALSE,1883 at Montgomery House,3 bed / 3 bath,1148,,
FALSE,Texas kappa,This is a house,?,,
FALSE,Union on San Antonio,4 Bed / 4 Bath,1400,,
FALSE,Marq on Burnet,2 Bed / 2 Bath,750,May,2025
FALSE,Union on 24th,2 Bed / 2 Bath,1800,January,2026
FALSE,Axis West Campus,4 Bed / 2 Bath,975,April,2026
FALSE,Villas on Nueces,3 Bed / 3 Bath,1200,May,2025
FALSE,Delphi Condominiums,4 Bed / 4 Bath,935,December,2024
FALSE,24 Longview,4 Bed / 2 Bath,825,August,2026
FALSE,1883 at Montgomery House,2 Bed / 2 Bath,1275,February,2025
FALSE,block,4 Bed / 2 Bath,905,August,2026
FALSE,26 West,2 Bed / 2 Bath,1470,January,2026
FALSE,24 West,2 Bed / 2 Bath,1335,January,2026
FALSE,21 Rio,1 Bed / 1 Bath,2210,August,2025
FALSE,Inspire on 22nd,4 Bed / 4 Bath,1350,June,2025
FALSE,Quarters on Campus – Sterling House,1 Bed / 1 Bath,1639,August,2026
FALSE,22 Rio,4 Bed / 4 Bath,1055,February,2024
FALSE,Lark Austin,2 Bed / 2 Bath,800,May,2026
FALSE,Yugo Austin Waterloo,4 Bed / 4 Bath,1350,May,2026
FALSE,Rise at West Campus,6 Bed / 6 Bath,1280,October,2025
TRUE,Treehouse Condos,,1250,August,2026
FALSE,West Campus Flats,1 Bed / 1 Bath,1155,July,2026
FALSE,21 Rio,2 Bed / 1 Bath,1180,August,2026
FALSE,Town Lake Apartments,4 Bed / 2 Bath,650,August,2025
FALSE,Town Lake Apartments,4 Bed / 2 Bath,650,August,2025
FALSE,Quarters on Campus – Nueces,4 Bed / 2 Bath,650,August,2025
FALSE,Union on San Antonio,4 Bed / 4 Bath,1085,October,2024
FALSE,26 West,2 Bed / 2 Bath,1529,August,2026
FALSE,Tradition on Rio,4 Bed / 2 Bath,1115,August,2026
FALSE,Axis West Campus,4 Bed / 2 Bath,970,January,2024
FALSE,Callaway House,1 Bed / 1 Bath,1880,August,2026
FALSE,Rise at West Campus,4 Bed / 2 Bath,1255,August,2026
FALSE,Texan West Campus,4 Bed / 2 Bath,1125,August,2026
FALSE,San Gabriel Square,Studio,750,August,2025
FALSE,Villas on Nueces,3 Bed / 3 Bath,1365,August,2025
FALSE,The Block 23,,4500,February,2026
FALSE,Villas on Guadalupe,2 Bed / 2 Bath,1190,August,2026
FALSE,Union on 24th,4 Bed / 4 Bath,1150,April,2026
FALSE,Texan Tower,2 Bed / 2 Bath,940,July,2025
FALSE,Rise at West Campus,4 Bed / 2 Bath,1255,August,2026
FALSE,Rise at West Campus,4 Bed / 2 Bath,1189,March,2024
TRUE,The Block on Pearl North,2 Bed / 2 Bath,705,August,2026
FALSE,26 West,2 Bed / 1 Bath,1380,August,2026
FALSE,San Gabriel Square,1 Bed / 1 Bath,765,August,2024
FALSE,1883 at Montgomery House,2 Bed / 2 Bath,1190,July,2025
FALSE,Axis West Campus,4 Bed / 4 Bath,1080,August,2026
FALSE,Noble 2500,2 Bed / 2 Bath,1300,July,2025
FALSE,Noble 2500,2 Bed / 2 Bath,1300,July,2025
TRUE,Dobie Twenty21,1 Bed / 1 Bath,1500,August,2025
FALSE,2400 Nueces,2 Bed / 2 Bath,1468,August,2026
FALSE,Signature 1909,4 Bed / 4 Bath,1165,January,2026
FALSE,The Block 23,3 Bed / 3 Bath,1140,August,2025
FALSE,Ion Austin,1 Bed / 1 Bath,1890,November,2025
FALSE,French House Co-op,4 Bed / 2 Bath,1090,May,2026
FALSE,GrandMarc Austin,1 Bed / 1 Bath,1680,August,2025
FALSE,GrandMarc Austin,1 Bed / 1 Bath,1999,April,2025
FALSE,Skyloft Austin,2 Bed / 2 Bath,1200,February,2025
FALSE,The Block on 28th,4 Bed / 2 Bath,1100,August,2026
FALSE,Noble 2500,2 Bed / 2 Bath,1349,April,2026
FALSE,Noble 2500,2 Bed / 2 Bath,1349,April,2026
FALSE,Noble 2500,2 Bed / 2 Bath,1349,April,2026
FALSE,Noble 2500,4 Bed / 4 Bath,1320,August,2026
FALSE,Noble 2500,2 Bed / 2 Bath,1300,July,2025
FALSE,21 Rio,2 Bed / 2 Bath,1300,August,2026
FALSE,Avon at 22nd,2 Bed / 2 Bath,2300,August,2024
FALSE,Texan 26,3 Bed / 2 Bath,1100,August,2025
FALSE,Vintage West Campus,4 Bed / 4 Bath,1170,May,2026
FALSE,Skyloft Austin,4 Bed / 4 Bath,1275,August,2026
FALSE,Yugo Austin Corner,4 Bed / 4 Bath,1750,February,2025
FALSE,Waterford Condominiums,2 Bed / 2 Bath,1000,August,2025
FALSE,Rise at West Campus,4 Bed / 2 Bath,1350,July,2025
TRUE,2400 Nueces,2 Bed / 2 Bath,760,July,2025
FALSE,Skyloft Austin,4 Bed / 2 Bath,2045,October,2025
FALSE,Skyloft Austin,4 Bed / 2 Bath,1200,February,2025
FALSE,Quarters on Campus – Sterling House,2 Bed / 2 Bath,685,October,2025
FALSE,Villas on Guadalupe,3 Bed / 3 Bath,1185,May,2026
FALSE,Legacy on Rio,5 Bed / 4 Bath,860,July,2025
FALSE,Legacy on Rio,4 Bed / 4 Bath,1185,February,2025
FALSE,Boca chica,1 Bed / 1 Bath,1250,February,2026
FALSE,Boca chica,,1200,February,2025
FALSE,Icon at Austin,5 Bed / 5 Bath,1444,October,2024
FALSE,21 Rio,2 Bed / 2 Bath,1325,October,2025
FALSE,Rise,4 Bed / 4 Bath,1480,November,2024
FALSE,Camino Flats,3 Bed / 2 Bath,1185,January,2026
FALSE,Axis West Campus,4 Bed / 2 Bath,980,August,2026
FALSE,Moontower,4 Bed / 4 Bath,1415,August,2026
FALSE,Axis West Campus,4 Bed / 4 Bath,995,March,2026
FALSE,Noble 2500,4 Bed / 4 Bath,1365,August,2025
FALSE,The Block 23,2 Bed / 2 Bath,1025,August,2026
FALSE,Yugo Austin Corner,4 Bed / 4 Bath,1220,October,2025
FALSE,Villas on Nueces,4 Bed / 3 Bath,1105,December,2025
FALSE,21 Rio,3 Bed / 2 Bath,1200,October,2025
FALSE,The Mark Austin,6 Bed / 6 Bath,1275,August,2026
FALSE,Union on San Antonio,4 Bed / 4 Bath,1400,October,2025
FALSE,Union on San Antonio,4 Bed / 4 Bath,1400,October,2025
FALSE,Villas on Guadalupe,3 Bed / 2 Bath,860,October,2024
FALSE,Hilltop,4 Bed / 4 Bath,1030,May,2025
FALSE,The Nine at Rio,4 Bed / 4 Bath,1215,August,2026
FALSE,Dobie Twenty21,,1850,August,2026
FALSE,Dobie Twenty21,,1825,August,2026
FALSE,Union on,10 Bed / 10 Bath,1200,July,2025
FALSE,the block on 23rd,4 Bed / 2 Bath,965,August,2026
FALSE,Rise at West Campus,5 Bed / 3 Bath,1275,December,2024
FALSE,Texan West Campus,1 Bed / 1 Bath,1620,May,2025
FALSE,The Standard,2 Bed / 2 Bath,1095,May,2025
FALSE,The Block on 25th West,4 Bed / 2 Bath,1025,August,2026
FALSE,The Standard,2 Bed / 2 Bath,1065,May,2025
FALSE,vintage,4 Bed / 2 Bath,1075,August,2026
FALSE,21 Rio,1 Bed / 1 Bath,2240,August,2026
FALSE,Tradition on Rio,1 Bed / 1 Bath,1755,May,2026
FALSE,Ion Austin,3 Bed / 3 Bath,1125,June,2025
FALSE,Union on San Antonio,4 Bed / 4 Bath,1335,August,2026
FALSE,The Sinclair,2 Bed / 2 Bath,1630,May,2026
TRUE,Lark Austin,4 Bed / 4 Bath,755,August,2025
TRUE,Villas on rio,2 Bed / 2 Bath,885,August,2025
FALSE,hdhdfgdfg,4 Bed / 2 Bath,1860,January,2024
FALSE,Callaway House,Studio,1200,August,2026
FALSE,Sparq on Rio,4 Bed / 4 Bath,1000,August,2025
FALSE,Moontower,4 Bed / 4 Bath,1425,November,2025
FALSE,The Mark Austin,5 Bed / 5 Bath,1420,August,2025
FALSE,Rise at West Campus,1 Bed / 1 Bath,1774,August,2025
FALSE,Rise at West Campus,1 Bed / 1 Bath,1650,August,2026
FALSE,Rise at West Campus,1 Bed / 1 Bath,1700,August,2026
FALSE,Texan Shoal Creek Condominiums,1 Bed / 1 Bath,1295,April,2025
FALSE,Callaway House,Studio,1865,March,2026
FALSE,Icon at Austin,5 Bed / 5 Bath,1625,January,2026
FALSE,Villas on Guadalupe,4 Bed / 3 Bath,900,August,2026
FALSE,the sondery,1 Bed / 1 Bath,1575,July,2025
FALSE,Union on 24th,2 Bed / 2 Bath,1610,September,2025
FALSE,Union on 24th,2 Bed / 2 Bath,1625,September,2025
FALSE,Union on 24th,2 Bed / 2 Bath,1655,April,2025
FALSE,The Standard,5 Bed / 5 Bath,1365,September,2025
FALSE,Signature 1909,2 Bed / 2 Bath,1200,May,2026
FALSE,The Mark Austin,6 Bed / 6 Bath,1255,August,2026
FALSE,The Nine at West Campus,4 Bed / 3 Bath,870,September,2025
FALSE,Dobie Twenty21,2 Bed / 2 Bath,1190,January,2025
FALSE,The Mark Austin,2 Bed / 2 Bath,1520,July,2026
TRUE,Villas on Rio,2 Bed / 2 Bath,980,December,2025
FALSE,Croix Condominiums,1 Bed / 1 Bath,1390,August,2026
FALSE,Crest at Pearl,3 Bed / 3 Bath,1100,August,2026
FALSE,The Block on Rio,4 Bed / 4 Bath,1034,December,2025
FALSE,Rise,4 Bed / 4 Bath,1360,June,2026
TRUE,The Mark Austin,1 Bed / 1 Bath,1355,February,2025
FALSE,Town Lake Apartments,4 Bed / 2 Bath,590,August,2025
FALSE,Callaway House,1 Bed / 1 Bath,2060,March,2025
TRUE,The Block on Pearl South,2 Bed / 2 Bath,660,October,2026
FALSE,Inspire on 22nd,4 Bed / 4 Bath,1250,April,2026
FALSE,Signature 1909,5 Bed / 5 Bath,1215,August,2025
FALSE,Tradition on Rio,1 Bed / 1 Bath,1710,June,2026
FALSE,Sparq on Rio,3 Bed / 3 Bath,1025,February,2026
TRUE,Sparq on Rio,3 Bed / 3 Bath,1025,February,2026
TRUE,Villas on Guadalupe,2 Bed / 2 Bath,695,July,2025
FALSE,Troubadour,1 Bed / 1 Bath,1785,May,2026
FALSE,1883 at Cameron House,2 Bed / 2 Bath,1240,August,2026
FALSE,Rambler Apartments,4 Bed / 2 Bath,1360,September,2025
FALSE,Crest at Pearl,2 Bed / 2 Bath,1424,March,2025
FALSE,Villas on Rio,4 Bed / 2 Bath,1180,July,2026
FALSE,The Block on Pearl North,2 Bed / 2 Bath,1405,August,2026
FALSE,West Campus Elloras,4 Bed / 4 Bath,1490,January,2025
FALSE,The Block on 28th,2 Bed / 2 Bath,465,June,2026
FALSE,21 Rio,2 Bed / 2 Bath,1625,November,2025
FALSE,Pecan Square,1 Bed / 1 Bath,1055,August,2024
FALSE,1883 at Cameron House,4 Bed / 2 Bath,690,May,2026
TRUE,Lark,2 Bed / 2 Bath,915,October,2025
FALSE,Villas on Rio,4 Bed / 2 Bath,980,August,2026
FALSE,Villas on Rio,2 Bed / 2 Bath,995,August,2025
FALSE,Tradition on Rio,Studio,1250,May,2025
FALSE,Villas on Guadalupe,4 Bed / 4 Bath,1100,August,2026
TRUE,Dobie Twenty21,1 Bed / 1 Bath,1500,June,2025
FALSE,Regents West at 26th,2 Bed / 2 Bath,1110,June,2026
FALSE,West Campus Flats,Studio,1150,August,2026
FALSE,9HUNDRED,2 Bed / 2 Bath,400,January,2024
FALSE,Rambler Apartments,6 Bed / 6 Bath,1389,November,2025
FALSE,26 West,4 Bed / 4 Bath,1385,September,2025
FALSE,Union on 24th,4 Bed / 4 Bath,1420,August,2025
FALSE,yuh,1 Bed / 1 Bath,425,January,2024
FALSE,the sondery,1 Bed / 1 Bath,1610,October,2024
FALSE,the sondery,1 Bed / 1 Bath,1600,February,2024
FALSE,Rise at West Campus,2 Bed / 2 Bath,1514,June,2026
FALSE,Rise at West Campus,2 Bed / 2 Bath,1574,June,2026
FALSE,Rise at West Campus,2 Bed / 2 Bath,1574,June,2026
FALSE,Veer,Studio,800,August,2025
FALSE,Dobie Twenty21,1 Bed / 1 Bath,1415,January,2024
FALSE,Hilltop,4 Bed / 4 Bath,1110,August,2026
FALSE,Yugo Austin Corner,3 Bed / 3 Bath,1215,September,2025
TRUE,Villas,3 Bed / 3 Bath,960,August,2025
FALSE,Torre,2 Bed / 2 Bath,805,June,2026
FALSE,2400 Nueces,2 Bed / 2 Bath,1350,June,2023
FALSE,26 West,2 Bed / 1 Bath,1120,February,2023
FALSE,26 West,4 Bed / 4 Bath,1029,October,2022
FALSE,26 West,4 Bed / 2 Bath,1025,July,2022
FALSE,26 West,4 Bed / 2 Bath,1019,October,2022
FALSE,26 West,4 Bed / 4 Bath,989,October,2022
FALSE,Crest at Pearl,2 Bed / 1 Bath,1250,September,2022
FALSE,Crest at Pearl,4 Bed / 4 Bath,1174,May,2023
FALSE,GrandMarc,4 Bed / 4 Bath,1199,October,2022
FALSE,Inspire on 22nd,3 Bed / 3 Bath,1300,November,2022
FALSE,Ion,1 Bed / 1 Bath,1480,September,2022
FALSE,Ion,3 Bed / 3 Bath,1179,September,2022
FALSE,Ion,3 Bed / 3 Bath,1247,October,2022
FALSE,Ion,3 Bed / 3 Bath,1260,September,2022
FALSE,Ion,3 Bed / 3 Bath,1150,September,2022
FALSE,Ion,4 Bed / 4 Bath,1229,September,2022
FALSE,Ion,4 Bed / 4 Bath,1200,November,2022
FALSE,Ion,4 Bed / 4 Bath,1189,September,2022
FALSE,Ion,4 Bed / 4 Bath,1229,September,2022
FALSE,Ion,4 Bed / 4 Bath,1179,September,2022
TRUE,Lark,2 Bed / 2 Bath,800,October,2022
TRUE,Lark,2 Bed / 2 Bath,775,September,2022
TRUE,Lark,2 Bed / 2 Bath,800,September,2022
TRUE,Lark,2 Bed / 2 Bath,775,October,2022
FALSE,Lark,3 Bed / 3 Bath,1230,September,2022
FALSE,Lark,4 Bed / 4 Bath,1275,September,2022
FALSE,Lark,5 Bed / 4 Bath,1100,October,2022
FALSE,Lark,4 Bed / 4 Bath,1205,October,2022
FALSE,Moontower,4 Bed / 4 Bath,1350,October,2022
FALSE,Moontower,4 Bed / 4 Bath,1030,October,2022
FALSE,Nine at Rio,4 Bed / 4 Bath,1250,December,2022
FALSE,Nine at Rio,4 Bed / 4 Bath,1295,February,2022
FALSE,Nine at Rio,4 Bed / 4 Bath,1250,September,2023
FALSE,Nine at Rio,4 Bed / 4 Bath,1290,December,2022
FALSE,Nine at Rio,4 Bed / 4 Bath,1200,December,2022
FALSE,Nine at Rio,4 Bed / 4 Bath,1280,December,2022
FALSE,Nine at Rio,4 Bed / 4 Bath,1200,October,2022
FALSE,Pointe on Rio,3 Bed / 3 Bath,950,October,2022
FALSE,Pointe on Rio,4 Bed / 3 Bath,1080,October,2022
FALSE,Pointe on Rio,4 Bed / 4 Bath,1050,October,2022
FALSE,Pointe on Rio,4 Bed / 4 Bath,950,October,2022
FALSE,Quarters Nueces,2 Bed / 2 Bath,1095,October,2022
FALSE,Quarters Nueces,3 Bed / 3 Bath,1150,October,2022
FALSE,Rambler,6 Bed / 6 Bath,1050,September,2022
FALSE,Rise,4 Bed / 2 Bath,1329,October,2023
FALSE,Rise,5 Bed / 3 Bath,1180,October,2022
FALSE,Rise,4 Bed / 2 Bath,809,September,2022
FALSE,Signature,4 Bed / 4 Bath,1275,October,2022
FALSE,Skyloft,3 Bed / 3 Bath,1034,April,2023
FALSE,Skyloft,3 Bed / 3 Bath,1150,March,2022
FALSE,Skyloft,3 Bed / 3 Bath,1100,September,2022
FALSE,Skyloft,3 Bed / 3 Bath,1170,September,2022
FALSE,Skyloft,4 Bed / 3 Bath,1189,October,2022
FALSE,Skyloft,4 Bed / 3 Bath,1150,November,2022
FALSE,Skyloft,4 Bed / 3 Bath,1140,September,2022
FALSE,Skyloft,4 Bed / 3 Bath,1080,October,2022
FALSE,Skyloft,4 Bed / 3 Bath,1290,October,2022
FALSE,The Block on 25th,2 Bed / 2 Bath,1000,November,2022
FALSE,The Mark,2 Bed / 2 Bath,1680,July,2023
FALSE,The Mark,2 Bed / 2 Bath,1700,April,2023
FALSE,The Mark,2 Bed / 2 Bath,1035,August,2022
FALSE,The Mark,3 Bed / 3 Bath,1505,October,2022
FALSE,The Mark,3 Bed / 3 Bath,1787,October,2023
FALSE,The Mark,4 Bed / 4 Bath,1245,March,2023
FALSE,The Mark,4 Bed / 4 Bath,1315,October,2022
FALSE,The Mark,4 Bed / 4 Bath,1400,March,2023
FALSE,The Mark,4 Bed / 4 Bath,1310,October,2022
FALSE,The Mark,4 Bed / 4 Bath,1330,February,2023
FALSE,The Mark,4 Bed / 4 Bath,1262,March,2023
FALSE,The Mark,4 Bed / 4 Bath,1348,March,2023
FALSE,The Mark,4 Bed / 4 Bath,1300,April,2023
FALSE,The Mark,4 Bed / 4 Bath,1500,January,2023
FALSE,The Mark,5 Bed / 5 Bath,1260,November,2022
FALSE,The Mark,5 Bed / 5 Bath,1278,April,2023
FALSE,The Mark,5 Bed / 5 Bath,1600,May,2023
FALSE,The Mark,5 Bed / 5 Bath,1260,December,2022
FALSE,The Mark,6 Bed / 6 Bath,1035,December,2022
FALSE,The Mark,6 Bed / 6 Bath,1035,October,2022
FALSE,The Mark,6 Bed / 6 Bath,1035,October,2022
FALSE,The Mark,5 Bed / 5 Bath,1310,January,2022
FALSE,The Standard,4 Bed / 4 Bath,1250,November,2022
FALSE,The Standard,4 Bed / 4 Bath,1260,March,2023
FALSE,Twenty Two Fifteen,1 Bed / 1 Bath,1410,October,2022
FALSE,Twenty Two Fifteen,1 Bed / 1 Bath,1350,November,2022
FALSE,Twenty Two Fifteen,2 Bed / 2 Bath,1135,October,2022
FALSE,Twenty Two Fifteen,4 Bed / 4 Bath,1180,November,2022
FALSE,Twenty Two Fifteen,4 Bed / 4 Bath,1125,December,2023
FALSE,Twenty Two Fifteen,4 Bed / 4 Bath,1125,November,2022
FALSE,Twenty Two Fifteen,4 Bed / 4 Bath,1165,November,2022
FALSE,Twenty Two Fifteen,4 Bed / 4 Bath,1190,November,2022
FALSE,Villas on 26th,3 Bed / 3 Bath,1070,November,2022
FALSE,Villas on Rio,3 Bed / 3 Bath,1450,September,2022
FALSE,Waterloo,4 Bed / 4 Bath,1540,October,2022
FALSE,Waterloo,6 Bed / 6 Bath,1204,March,2023